sim,obs
159.24452,51900.0
796.6512,50900.0
2165.666,49200.0
6449.578,47600.0
14304.722,45800.0
19094.986,44800.0
18422.453,46700.0
19267.438,49300.0
22154.764,50700.0
24921.72,49300.0
26744.541,46400.0
24566.914,43400.0
22589.586,41600.0
21070.504,40800.0
20710.488,39600.0
20520.916,38000.0
20289.34,36300.0
19715.316,34600.0
19116.637,33700.0
18320.348,33800.0
18190.545,33300.0
17494.129,31700.0
16759.158,30700.0
16657.79,29900.0
16540.547,29300.0
17570.02,29700.0
19105.406,32000.0
21906.879,33300.0
29435.73,34300.0
34917.434,34200.0
35512.863,33200.0
29594.555,32500.0
25479.69,32400.0
27975.727,31400.0
30010.469,30100.0
30337.56,28500.0
20068.604,27500.0
16299.741,26900.0
15670.096,26800.0
15331.304,26700.0
15368.881,25800.0
15341.032,25200.0
15465.491,24900.0
15987.436,24600.0
17213.623,24200.0
18046.457,23700.0
18405.07,23000.0
17783.354,22000.0
17087.229,21500.0
17203.893,21200.0
18170.984,21000.0
19142.775,21600.0
21625.18,22000.0
25379.797,22100.0
26659.607,22400.0
24032.703,22400.0
23282.602,22000.0
24902.541,21400.0
23996.637,21000.0
20896.555,20900.0
20253.783,20800.0
21758.084,20500.0
25738.924,19400.0
25403.176,19000.0
22502.057,19000.0
20056.424,19000.0
19780.652,19500.0
23670.615,20000.0
24431.941,20000.0
20767.662,19000.0
18459.6,18000.0
17817.182,16000.0
17386.662,13000.0
17135.957,12000.0
16963.236,11500.0
16714.78,11000.0
16441.059,11000.0
16191.805,10500.0
15966.033,10500.0
15744.159,11000.0
15526.044,11000.0
15311.159,11500.0
15098.5205,11500.0
14906.501,11500.0
14984.435,12000.0
15031.927,12000.0
15212.598,12500.0
15309.24,12500.0
15160.127,13000.0
15263.537,13000.0
16509.434,13500.0
16683.844,14000.0
16015.282,14000.0
17525.42,13500.0
18978.434,13500.0
20090.79,13000.0
19634.63,12000.0
16399.24,11500.0
15790.74,11000.0
15353.137,10500.0
13825.833,9600.0
13080.512,9400.0
12910.295,9200.0
12999.189,9000.0
12664.823,9000.0
12345.201,9000.0
12168.283,8800.0
12057.903,8800.0
11913.223,9000.0
11777.018,9000.0
11651.044,8800.0
11526.727,8600.0
11402.827,8600.0
11281.0625,8600.0
11162.752,8400.0
11045.892,8400.0
10928.297,8400.0
10813.949,8400.0
10703.812,8200.0
10596.294,8200.0
10491.19,8200.0
10390.256,8200.0
33.12458,8200.0
511.58878,8200.0
1809.6157,8200.0
4217.7305,8000.0
7600.4546,8000.0
10414.72,8000.0
11889.439,8000.0
13081.313,8000.0
14631.566,7800.0
15993.295,7800.0
16597.049,7800.0
17191.38,7800.0
19353.775,7800.0
20615.355,7800.0
18866.537,7800.0
16816.158,7800.0
15884.404,7800.0
15498.992,7800.0
15490.423,7800.0
15669.162,7800.0
16412.086,7800.0
18026.299,7800.0
17453.43,7800.0
16016.422,7800.0
15890.446,7800.0
17234.25,7800.0
18402.242,7800.0
16412.895,7800.0
15144.797,7800.0
14741.54,7800.0
14556.0625,7800.0
14392.766,7800.0
14232.15,7800.0
14066.852,7800.0
13911.687,7800.0
13962.434,7800.0
15120.555,7800.0
20354.854,7800.0
28313.576,8000.0
29895.531,8000.0
28477.176,8000.0
25393.377,8000.0
28474.518,8200.0
36896.742,8200.0
35524.867,8200.0
27204.953,8200.0
22741.186,8000.0
23252.3,8000.0
23597.723,7900.0
21538.955,7900.0
19851.816,7900.0
18149.389,7900.0
17316.016,7900.0
16880.646,7900.0
16619.354,7900.0
16443.594,7900.0
16321.82,7900.0
16163.881,7900.0
16231.693,7900.0
16296.47,7900.0
16345.311,7900.0
16403.854,7900.0
17756.39,7900.0
21395.326,7900.0
24526.133,7900.0
27630.184,7900.0
25874.684,7900.0
22954.639,7900.0
23496.033,7900.0
24030.021,7900.0
22765.19,7900.0
19089.83,7800.0
16036.99,7800.0
15114.557,7800.0
14861.574,7800.0
14758.124,7800.0
15070.107,7800.0
16386.367,7800.0
18264.328,7800.0
18790.256,7800.0
18952.707,7800.0
18941.064,7800.0
20855.236,7700.0
22570.084,7700.0
22305.19,7700.0
21703.861,7700.0
20119.383,7700.0
18490.895,7700.0
17938.05,7700.0
18172.045,7700.0
19561.234,7700.0
21395.203,7700.0
21619.998,7700.0
20168.47,7700.0
18569.8,7700.0
17833.92,7700.0
18849.787,7700.0
19913.344,7700.0
19988.324,7700.0
19776.857,7700.0
19063.117,7700.0
19841.564,7700.0
23488.227,7700.0
26397.336,7800.0
27921.006,7800.0
29995.672,8000.0
33978.65,8000.0
36261.004,8200.0
33588.23,8400.0
32194.5,8800.0
31986.84,9200.0
32033.205,9600.0
29689.344,10000.0
24502.312,11000.0
23562.102,13000.0
23058.49,15000.0
24883.062,18000.0
29899.186,22000.0
35534.25,27000.0
39489.633,35000.0
41427.66,40000.0
42967.99,41000.0
42746.97,31400.0
38572.266,31100.0
34086.547,31600.0
31813.65,31200.0
29429.795,26900.0
26575.018,25200.0
24067.328,23700.0
21210.262,23200.0
18619.121,23500.0
17765.08,24000.0
20913.559,24300.0
23777.852,24400.0
21351.494,24900.0
19713.992,24200.0
19393.13,22900.0
19730.723,21600.0
20128.371,20500.0
18305.025,20100.0
16583.48,20000.0
17170.86,19900.0
19164.701,20300.0
21551.648,20200.0
23178.783,20000.0
23921.84,20000.0
20971.002,20500.0
18838.088,21100.0
18612.457,21800.0
22989.291,22600.0
27284.463,23600.0
29559.646,25000.0
33654.41,26900.0
37388.473,26900.0
36408.855,25600.0
30381.057,24300.0
25250.002,25900.0
25642.969,28000.0
29209.488,31000.0
32371.65,34400.0
38890.027,32800.0
38712.164,32900.0
34625.625,35700.0
32540.379,38300.0
36041.97,38800.0
39233.41,37900.0
34754.79,36500.0
30338.723,36100.0
30034.115,36600.0
33113.555,37600.0
37058.78,38700.0
39988.496,38900.0
43559.977,38400.0
44273.55,38100.0
40321.07,38900.0
44807.19,40400.0
50771.266,40900.0
70106.79,39300.0
75271.85,38600.0
53693.652,37700.0
44470.53,38700.0
38836.81,40100.0
37174.625,41700.0
40081.54,44800.0
39154.297,48600.0
40147.47,49100.0
47198.6,48500.0
51939.08,49100.0
42816.918,49800.0
39305.047,51500.0
41579.965,52900.0
53970.504,54200.0
60077.305,54500.0
50116.96,55700.0
45884.77,57700.0
49719.996,60700.0
51169.094,65200.0
52874.926,78200.0
61136.79,88400.0
69397.69,92500.0
72055.11,88100.0
86886.125,79100.0
79943.77,75900.0
69386.37,74400.0
67000.41,72300.0
63144.113,69500.0
59057.848,68600.0
51208.36,71400.0
47481.56,81800.0
51165.56,94400.0
68929.35,96800.0
103003.61,90800.0
112789.49,82400.0
94889.74,75500.0
83535.85,68700.0
74729.16,65100.0
73794.14,62900.0
80055.84,60500.0
68355.72,56800.0
56653.31,54200.0
50202.926,52600.0
46726.758,51400.0
42908.89,50500.0
38736.02,51200.0
36675.938,55300.0
34643.05,61700.0
37236.605,66900.0
44266.68,67400.0
50545.613,65200.0
50503.902,65300.0
50546.0,60400.0
53251.637,54100.0
69138.58,49200.0
70581.81,45700.0
57224.074,43300.0
62224.05,42300.0
64150.87,40400.0
57750.34,40900.0
50025.5,43600.0
52758.617,43600.0
58568.234,42500.0
60444.402,40700.0
60789.883,39500.0
53029.332,43000.0
50103.44,46000.0
57717.656,54200.0
69193.78,66100.0
71858.96,68600.0
69654.875,62300.0
68749.8,54600.0
71490.44,49200.0
68290.7,44800.0
61096.547,41600.0
57962.64,39300.0
55644.426,38800.0
52407.625,39900.0
50412.72,40900.0
49828.32,38100.0
50179.06,34600.0
49558.543,31900.0
47046.582,29900.0
44403.086,28000.0
42407.996,26200.0
40457.703,25000.0
38647.61,24100.0
36047.99,23100.0
34141.793,22300.0
32891.566,21600.0
32031.617,21000.0
31342.262,20500.0
30915.879,19900.0
30807.133,19600.0
31430.264,20300.0
32343.904,22500.0
39638.484,29100.0
48208.38,34900.0
46519.965,37300.0
41923.05,38800.0
41932.58,36300.0
56630.824,32500.0
79760.36,30800.0
76561.34,30200.0
60723.496,29100.0
52590.918,27700.0
56645.043,26000.0
57717.08,24400.0
46502.22,23300.0
44654.926,22300.0
43021.387,21400.0
41492.473,19400.0
39962.86,18700.0
38779.25,18600.0
37612.355,17500.0
36381.105,17200.0
35116.336,16200.0
33869.457,16200.0
32636.64,15800.0
31492.814,16500.0
30407.195,17000.0
29364.41,17500.0
28448.674,17500.0
27698.242,17500.0
27376.023,17000.0
27261.355,17000.0
27243.535,16000.0
27572.014,14000.0
28335.156,14000.0
28279.86,13500.0
27616.09,13500.0
27350.443,13500.0
27172.283,13000.0
27100.111,13000.0
27078.205,12500.0
27153.143,12500.0
27551.672,12000.0
27873.436,11500.0
27759.102,10000.0
27603.414,8500.0
27570.893,8000.0
27546.658,7800.0
27181.768,7800.0
26686.195,8200.0
26149.174,8600.0
25616.178,9000.0
25078.467,9500.0
25004.295,10000.0
25697.223,10500.0
26425.586,11000.0
26603.668,11000.0
26454.904,11500.0
26677.379,11500.0
26909.855,12000.0
26945.781,12000.0
26806.062,12000.0
26458.615,12000.0
25971.492,12000.0
25477.604,11500.0
24973.506,11500.0
24460.13,11000.0
23953.268,11000.0
23445.639,10500.0
22940.133,10500.0
22465.588,10000.0
21998.488,10000.0
21552.71,9800.0
21145.764,9600.0
20781.115,9600.0
20384.875,9400.0
20010.31,9400.0
19668.195,9400.0
19335.713,9400.0
19028.387,9400.0
18719.86,9400.0
18408.818,9400.0
18123.324,9400.0
17864.06,9400.0
17611.854,9400.0
17348.744,9400.0
17082.207,9400.0
16914.992,9400.0
16698.342,9400.0
16447.104,9400.0
16253.076,9400.0
16176.994,9400.0
16309.104,9400.0
16179.193,9200.0
16219.306,9200.0
15684.569,9000.0
15374.274,8800.0
15194.489,8600.0
15037.522,8400.0
14896.863,8200.0
14713.598,8200.0
14497.439,8000.0
14281.681,8000.0
14070.297,8000.0
13853.684,7800.0
13633.586,7800.0
13419.884,7700.0
13245.054,7700.0
13095.83,7700.0
12957.452,7600.0
12824.588,7600.0
12684.013,7600.0
12535.258,7600.0
12404.388,7600.0
12293.39,7600.0
12167.233,7400.0
12032.795,7400.0
11915.585,7400.0
11755.948,7400.0
11578.531,7400.0
11432.688,7400.0
11314.817,7200.0
11213.156,7200.0
11108.535,7200.0
11002.13,7200.0
10903.043,7200.0
10803.604,7200.0
10685.978,7200.0
10561.591,7200.0
10435.281,7000.0
10307.826,7000.0
10198.099,7000.0
10084.925,7000.0
10034.576,7000.0
10387.898,7000.0
11648.018,7000.0
11988.926,7000.0
14398.8,7000.0
12973.938,6900.0
11698.2295,6900.0
12463.635,6900.0
12680.622,6900.0
14578.585,6900.0
14210.297,6800.0
12424.891,6800.0
11955.007,6800.0
11996.349,6800.0
12193.759,6800.0
12817.469,6800.0
12885.348,6800.0
12726.144,6800.0
12865.484,6800.0
12837.912,6800.0
13041.562,6700.0
13206.68,6700.0
13126.352,6700.0
13137.741,6700.0
12982.084,6700.0
12805.754,6700.0
12802.279,6700.0
12768.693,6700.0
12629.305,6700.0
12472.409,6700.0
12207.642,6700.0
11991.788,6700.0
12041.373,6700.0
12435.88,6700.0
12783.207,6700.0
12997.974,6700.0
13170.397,6600.0
13486.06,6600.0
13883.138,6600.0
13829.966,6600.0
13930.536,6600.0
14090.052,6600.0
14436.298,6600.0
15257.782,6600.0
16570.887,6600.0
18633.809,6600.0
19106.129,6600.0
17421.424,6600.0
17124.793,6600.0
19207.342,6600.0
22086.855,6600.0
21073.549,6600.0
17580.488,6600.0
15846.379,6600.0
16358.403,6600.0
18832.795,6600.0
24362.834,6600.0
28144.33,6600.0
27355.297,6600.0
29147.604,6600.0
33591.734,6600.0
37353.43,6600.0
39198.613,6700.0
40211.34,6900.0
41842.383,7300.0
44244.234,7800.0
46003.902,8300.0
47071.12,8900.0
47866.4,9400.0
48189.832,10000.0
48437.363,11000.0
48623.414,12000.0
48630.195,13000.0
47721.707,14000.0
46696.586,15000.0
45320.79,16000.0
44017.324,17000.0
42758.645,18500.0
41357.27,20000.0
40381.234,21500.0
39618.43,21000.0
38942.613,22800.0
38139.258,25000.0
37508.215,27500.0
37963.598,29800.0
38873.973,30600.0
39203.49,32300.0
40405.375,38800.0
42489.17,50100.0
46103.277,63900.0
53331.445,62400.0
59855.793,52900.0
60274.977,48300.0
64752.184,47500.0
63828.695,51700.0
65269.805,51300.0
71831.33,48800.0
72138.45,47500.0
70688.7,45800.0
70147.38,43500.0
72188.414,40400.0
71276.59,38500.0
68656.75,37300.0
66067.9,36700.0
64415.164,37500.0
64114.6,40100.0
65264.207,43800.0
70179.69,49900.0
76734.2,53000.0
79406.164,51600.0
75108.99,51000.0
71618.57,53500.0
72404.734,54300.0
77834.93,53900.0
82619.63,52300.0
71784.164,53500.0
64822.273,53300.0
65188.355,49000.0
59338.9,46100.0
54460.96,46800.0
57378.062,48700.0
57822.426,50700.0
55204.434,53400.0
60408.285,55800.0
62428.68,55200.0
61225.324,52000.0
65262.492,50400.0
69597.74,50900.0
71387.13,52100.0
70572.2,52700.0
68816.15,52500.0
63459.51,53400.0
61956.5,54900.0
60934.805,56500.0
58470.3,58300.0
56795.31,60100.0
54129.97,61000.0
58032.848,63500.0
58629.81,66300.0
53109.145,67900.0
51481.074,69200.0
46572.574,70300.0
41777.074,70800.0
38350.42,67900.0
38156.14,65200.0
38194.094,65100.0
38085.863,64400.0
41140.83,66400.0
47366.793,66600.0
53758.445,63700.0
75608.82,62600.0
65741.87,62000.0
44790.37,60900.0
37798.85,60100.0
37985.984,60500.0
38832.375,62300.0
40566.66,64100.0
36302.43,64300.0
30673.244,63700.0
28539.84,63600.0
27380.48,64200.0
26546.645,63700.0
27154.383,63600.0
28387.94,64300.0
34955.94,64600.0
43071.3,63900.0
41985.977,61500.0
36313.668,60600.0
32051.03,61600.0
28795.162,62100.0
26960.602,62500.0
27183.238,59900.0
30605.477,57500.0
34500.81,57100.0
32249.01,59900.0
32304.361,60100.0
32761.89,57800.0
37580.363,56800.0
40420.5,56900.0
33290.53,57700.0
24761.46,58000.0
21855.977,58000.0
21765.826,58600.0
20546.42,58900.0
19600.367,58300.0
20183.605,57700.0
21855.613,58400.0
24325.773,58100.0
26090.61,58700.0
24300.566,59900.0
22940.883,61400.0
21876.8,62300.0
25584.58,62300.0
23403.617,61700.0
18869.438,60700.0
19089.312,60600.0
18343.783,60800.0
18356.055,58700.0
17326.557,55600.0
16774.906,51500.0
17055.145,50000.0
18124.521,50300.0
19972.084,47900.0
20806.986,44400.0
16798.535,41800.0
13677.6,41000.0
13835.913,40300.0
19665.715,38900.0
19883.29,36600.0
18370.268,33100.0
17776.4,31500.0
10962.714,29700.0
7539.7295,27800.0
7071.238,26400.0
9093.442,25200.0
13676.221,24200.0
11446.39,23500.0
8344.67,23300.0
7767.453,23400.0
7708.677,22500.0
8547.477,21700.0
8789.589,21000.0
8415.903,20300.0
8020.7876,19700.0
8058.7573,19400.0
8130.5376,19100.0
8336.055,19200.0
9186.392,19200.0
12361.303,18900.0
12403.51,18400.0
14091.706,18500.0
14106.844,18500.0
15857.834,18000.0
19210.562,17600.0
20266.934,17700.0
20459.307,17500.0
22040.86,17700.0
32068.643,18000.0
52228.285,18400.0
54060.812,18500.0
49848.062,18300.0
49953.574,18000.0
56659.93,17900.0
63489.824,17600.0
50095.445,17400.0
48832.664,17500.0
45188.812,17500.0
38347.12,17500.0
34137.66,17500.0
31789.229,17500.0
30428.002,17000.0
29480.195,17000.0
28610.19,16500.0
28143.307,16000.0
28085.783,16000.0
27762.035,15000.0
26910.2,15000.0
25847.799,15000.0
24818.736,14500.0
24052.426,14500.0
23570.21,14500.0
23232.717,14500.0
22764.195,14000.0
22473.473,13500.0
22338.207,11500.0
21798.96,9200.0
21221.324,8400.0
20926.213,8000.0
20740.186,7600.0
20399.732,7500.0
19935.055,7600.0
19492.791,8000.0
19086.541,8400.0
18689.115,8800.0
18272.506,9200.0
17880.629,9600.0
17547.23,9800.0
17378.14,9800.0
17683.443,9600.0
17731.2,9400.0
17759.656,9200.0
18036.535,9000.0
18530.562,8800.0
18723.375,8600.0
18584.24,8400.0
18376.91,8200.0
18190.486,8100.0
17882.129,8000.0
17515.127,7900.0
17186.617,7800.0
16900.826,7800.0
16625.557,7700.0
16327.817,7600.0
16087.731,7600.0
15970.488,7500.0
16182.106,7400.0
16565.36,7400.0
16551.387,7300.0
16662.355,7300.0
17228.332,7200.0
17475.95,7200.0
17477.348,7100.0
17465.746,7100.0
17403.105,7000.0
17294.457,6900.0
17069.23,6900.0
16760.275,6800.0
16459.877,6800.0
16166.813,6700.0
15863.585,6600.0
15560.78,6600.0
15277.844,6600.0
14986.931,6500.0
14697.294,6500.0
14449.527,6500.0
14270.829,6500.0
14156.509,6400.0
14085.608,6400.0
14304.77,6400.0
16052.953,6400.0
21236.129,6300.0
23550.445,6300.0
24401.64,6300.0
24389.434,6300.0
25556.86,6300.0
28379.709,6300.0
30741.967,6200.0
26957.662,6200.0
24815.488,6200.0
23614.635,6100.0
22867.666,6100.0
23129.766,6100.0
28668.13,6100.0
36346.543,6100.0
41325.137,6100.0
45209.72,6100.0
45972.16,6100.0
46837.82,6100.0
47554.145,6000.0
44260.844,6000.0
39653.383,6000.0
36590.4,6000.0
34144.566,6000.0
32160.934,6000.0
30484.582,6000.0
29055.598,6000.0
27808.424,6000.0
26701.662,6000.0
25695.87,6000.0
24873.633,6000.0
24114.262,6000.0
23538.822,6000.0
23046.848,6000.0
22489.2,6000.0
22030.21,6000.0
21649.703,6000.0
21274.264,6000.0
20833.78,6000.0
20366.53,6000.0
19916.125,6000.0
19507.69,6000.0
19091.361,6000.0
18679.107,6000.0
18296.502,6000.0
17949.172,6000.0
17604.932,6000.0
17316.934,6000.0
17061.498,6000.0
16924.951,6000.0
16521.783,6000.0
16144.023,6000.0
15880.335,6000.0
15739.557,6000.0
15854.135,6000.0
16349.829,6000.0
15971.21,6000.0
15114.51,6000.0
14735.533,6000.0
14496.504,6000.0
14575.705,6000.0
14683.891,6000.0
14313.885,6000.0
14047.464,6000.0
13915.189,6000.0
13804.538,6000.0
13744.598,6000.0
13538.406,6000.0
13334.724,6000.0
13255.096,6000.0
13159.713,6000.0
13168.742,6000.0
13464.2,6000.0
13860.028,6000.0
14676.6455,6000.0
15202.391,6000.0
15183.554,6000.0
15679.972,6000.0
16609.547,6000.0
17819.0,6000.0
18763.332,6000.0
19522.496,6000.0
20874.785,6000.0
22563.963,6000.0
24305.27,6000.0
26873.764,6100.0
28353.703,6100.0
28857.693,6200.0
29022.666,6200.0
29714.29,6300.0
30346.197,6300.0
30925.268,6500.0
31493.137,6700.0
31767.492,7000.0
31994.0,7200.0
32424.76,7400.0
33096.78,7500.0
33976.547,7600.0
34680.996,7700.0
35099.316,7800.0
35429.688,7800.0
35353.33,7900.0
35131.66,8000.0
35182.633,8100.0
35611.316,8200.0
35579.98,8300.0
35073.812,8400.0
34275.656,8500.0
34096.414,8600.0
34333.895,8800.0
34571.598,8900.0
34241.285,9000.0
33704.754,9100.0
33162.543,9200.0
32733.682,9300.0
32389.246,9600.0
31987.38,9700.0
31512.01,9800.0
31198.768,10000.0
31268.268,10200.0
31346.758,10500.0
31577.29,11000.0
32629.35,12000.0
34025.92,13000.0
35684.188,17000.0
38157.49,30000.0
42202.324,44500.0
47359.844,46400.0
53387.344,48000.0
59424.492,48000.0
62614.47,45600.0
64017.02,45600.0
63069.914,44000.0
61770.875,36800.0
60062.26,36800.0
56843.85,36800.0
53988.5,36000.0
53292.33,36000.0
53928.223,36400.0
55001.06,35900.0
57228.7,35700.0
60785.04,37000.0
66191.21,39400.0
71272.62,40300.0
74039.71,40600.0
74509.125,39400.0
70986.07,44900.0
68126.766,43500.0
66442.27,40000.0
63017.633,39500.0
61026.848,38300.0
58846.758,37400.0
56633.758,36600.0
51616.902,36800.0
51872.28,37000.0
58940.402,38100.0
63143.99,39400.0
58924.57,40800.0
57153.586,42600.0
58307.223,43900.0
61788.633,46800.0
63567.54,49000.0
61322.973,50500.0
56476.31,53300.0
54890.74,52600.0
55499.707,50400.0
55690.44,48800.0
54427.594,48000.0
54050.133,48100.0
54463.6,50300.0
58590.773,51500.0
66452.48,55700.0
72386.87,62600.0
76698.51,67400.0
75303.88,68900.0
73953.19,69800.0
75198.86,71300.0
77690.74,73800.0
78633.266,77400.0
80845.76,79400.0
85620.48,75500.0
84536.164,72300.0
81649.61,70300.0
78299.625,68200.0
78649.19,66700.0
81498.984,65700.0
74349.33,65500.0
63825.45,64900.0
59592.465,65600.0
60622.035,68100.0
63774.3,69100.0
64346.07,69900.0
63410.383,70200.0
64366.293,71100.0
60784.22,72800.0
60576.09,74300.0
64397.97,75200.0
65879.15,75600.0
67383.51,75200.0
74584.33,75500.0
92176.445,76800.0
93438.4,76400.0
86821.26,74100.0
79812.97,72800.0
74695.266,73600.0
69833.055,73700.0
73082.1,75800.0
72192.32,79100.0
66100.19,78900.0
66582.12,74900.0
75072.65,70800.0
72711.45,68500.0
65350.945,66800.0
60060.484,65800.0
59590.918,65200.0
64823.414,65200.0
63101.4,64700.0
55345.97,63200.0
52985.715,63100.0
51845.484,61400.0
51458.098,58100.0
48661.887,55900.0
48772.785,55500.0
54980.56,56000.0
56896.773,55900.0
54862.203,56200.0
50771.37,56300.0
52509.965,55600.0
59751.09,55600.0
59800.773,57400.0
54686.43,60300.0
58927.695,62500.0
59688.906,64300.0
50382.426,65700.0
44427.17,66300.0
42338.117,65500.0
41264.953,64500.0
42436.496,63600.0
44784.69,60100.0
43798.184,55500.0
41582.76,54100.0
37364.605,53900.0
34523.47,52700.0
34970.21,53300.0
36163.973,55100.0
39972.293,51600.0
40179.348,47600.0
33322.66,45700.0
28561.977,44200.0
25854.754,43100.0
31893.424,42400.0
53512.133,41000.0
42325.38,38700.0
31085.848,36300.0
30582.812,35200.0
27899.02,35800.0
27933.494,38500.0
32897.457,42600.0
37721.715,44400.0
37805.72,44100.0
38419.223,44400.0
36960.797,45200.0
39341.36,44400.0
52326.613,43700.0
52916.793,42800.0
48458.223,40500.0
40970.664,38600.0
37582.855,38700.0
55178.117,39500.0
53650.32,39800.0
44514.996,38800.0
42600.76,37300.0
35808.23,36700.0
32552.406,37000.0
33324.42,39000.0
36995.195,41400.0
40864.93,42400.0
46967.973,41200.0
48090.13,39300.0
44635.645,37500.0
44724.74,35600.0
48978.285,33700.0
60520.74,32100.0
55481.51,30800.0
46276.195,29500.0
43678.9,28300.0
43555.285,27500.0
40800.695,27000.0
38488.87,26200.0
36852.68,25300.0
35304.34,24600.0
33870.414,23600.0
32665.291,23000.0
31843.986,22200.0
31069.758,21000.0
29546.002,21000.0
28462.363,20000.0
27629.922,19500.0
26864.96,18500.0
26229.225,18000.0
25835.361,17000.0
25304.629,16000.0
24683.295,16000.0
24338.902,15000.0
24050.092,15000.0
23757.69,14000.0
23477.223,14000.0
23012.492,14000.0
22680.355,14000.0
22379.314,13000.0
21887.533,13000.0
21410.57,12000.0
20956.207,11000.0
20494.229,11000.0
20064.98,10000.0
19649.76,10000.0
19224.549,9600.0
18807.629,9400.0
18449.152,9400.0
18104.852,9400.0
17786.004,9500.0
17511.486,9600.0
17234.832,9600.0
16940.465,9600.0
16682.28,9600.0
16464.88,9400.0
16258.754,9400.0
16042.437,9200.0
15856.013,9200.0
15682.546,9200.0
15542.54,9200.0
15667.303,9200.0
16537.248,9200.0
17116.086,9100.0
16184.176,9100.0
15437.311,9100.0
15302.407,9100.0
15066.961,9100.0
14758.937,9100.0
14495.872,9100.0
14390.74,9100.0
14328.832,9100.0
14332.383,9100.0
14210.343,9100.0
14018.476,9100.0
13841.327,9100.0
13643.45,9100.0
13426.638,9100.0
13304.568,9100.0
13591.948,9100.0
15416.375,9100.0
18503.682,9100.0
19579.85,9100.0
17959.326,9100.0
16717.68,9100.0
16885.227,9100.0
17889.9,9100.0
18380.45,9100.0
18558.914,9100.0
22273.588,9100.0
26423.717,9000.0
27289.684,8900.0
25585.207,8900.0
25160.684,8800.0
27119.37,8800.0
28768.143,8800.0
27020.293,8700.0
25036.426,8600.0
24231.793,8500.0
23518.271,8300.0
22938.887,8200.0
22171.69,8100.0
21427.453,8000.0
20808.627,8000.0
20248.188,7900.0
19717.4,7900.0
19252.924,7800.0
18806.0,7800.0
18339.684,7800.0
17879.385,7800.0
17421.96,7800.0
16993.387,7700.0
16602.477,7700.0
16220.0625,7600.0
15884.901,7600.0
15584.57,7600.0
15293.037,7600.0
15042.002,7600.0
14798.858,7600.0
14564.572,7500.0
14336.978,7500.0
14102.537,7500.0
13867.983,7500.0
13632.76,7500.0
13401.103,7500.0
13172.665,7400.0
12952.834,7400.0
12742.292,7400.0
12531.552,7300.0
12323.608,7300.0
12141.986,7200.0
11976.063,7200.0
11832.815,7200.0
11696.175,7200.0
11549.165,7200.0
11414.461,7200.0
11293.989,7200.0
11173.604,7200.0
11055.36,7200.0
11033.142,7200.0
12293.191,7200.0
14272.498,7200.0
14571.158,7200.0
12909.434,7200.0
12326.639,7200.0
16137.077,7200.0
25182.53,7200.0
29907.445,7200.0
26639.355,7200.0
19471.7,7200.0
16571.662,7200.0
19882.992,7200.0
19770.361,7200.0
17182.08,7200.0
17390.357,7200.0
18701.752,7200.0
15648.979,7200.0
13473.602,7200.0
12734.243,7200.0
12601.31,7200.0
12580.882,7200.0
12150.342,7200.0
11700.528,7200.0
11541.882,7200.0
11478.335,7200.0
11420.148,7200.0
11510.016,7200.0
11782.948,7200.0
12536.845,7200.0
13401.672,7200.0
13515.577,7200.0
12488.446,7200.0
11431.685,7200.0
11162.813,7200.0
11392.934,7200.0
11373.971,7200.0
10918.49,7200.0
10426.22,7200.0
10184.8,7200.0
10073.816,7200.0
10006.29,7200.0
10366.537,7200.0
12343.779,7200.0
19645.904,7200.0
32407.283,7200.0
39772.08,7200.0
39232.305,7200.0
36611.414,7200.0
34342.473,7200.0
38052.023,7200.0
40715.605,7200.0
36273.184,7200.0
30947.916,7200.0
29142.953,7200.0
30875.785,7300.0
33411.027,7300.0
33117.586,7300.0
29286.688,7300.0
25062.758,7400.0
28488.895,7400.0
31228.725,7400.0
25824.719,7400.0
21819.492,7400.0
24740.527,7400.0
30089.697,7400.0
30554.086,7500.0
27508.977,7600.0
26196.562,7800.0
26400.885,8000.0
24491.66,8200.0
23450.668,8300.0
26008.79,8500.0
29311.451,8600.0
32629.432,8800.0
33818.36,9200.0
30755.637,9500.0
30318.986,10000.0
33299.93,10000.0
34483.29,11000.0
33906.098,11000.0
31433.055,11000.0
28139.959,12000.0
27573.588,12500.0
28947.666,13000.0
26941.22,14000.0
25792.234,15000.0
26950.93,16000.0
28096.773,17000.0
27796.887,18000.0
28141.867,19000.0
31272.838,20000.0
31587.797,21000.0
32100.936,22400.0
32095.547,22700.0
31930.86,22900.0
33292.246,24500.0
41104.1,27400.0
44780.586,31000.0
37896.543,37100.0
35714.65,41900.0
41240.83,44800.0
49440.6,47300.0
56270.52,46500.0
56254.867,43000.0
56945.17,44100.0
56805.92,46100.0
57517.51,46800.0
57042.65,45700.0
57519.742,46900.0
57601.406,49200.0
59156.598,48900.0
66911.055,45200.0
75226.27,40900.0
73554.42,38600.0
68714.516,38500.0
68995.945,38300.0
74155.96,37200.0
77787.7,34200.0
72484.87,30900.0
68572.25,28200.0
63291.707,26800.0
57033.4,26300.0
51321.18,26000.0
48427.77,26700.0
50881.54,28600.0
52118.742,31100.0
49114.508,33000.0
49639.56,35100.0
50942.72,38400.0
52740.39,44000.0
57851.37,48700.0
75727.8,52400.0
91311.516,54400.0
90860.92,52900.0
84908.67,50600.0
82464.66,56900.0
84688.56,68900.0
78763.94,76600.0
65973.164,71000.0
60508.023,69400.0
61347.805,72200.0
61672.64,64600.0
61528.8,59900.0
62571.992,57700.0
57523.754,56000.0
59306.074,53200.0
69897.75,52100.0
70638.61,52100.0
65586.08,53700.0
61977.082,55200.0
62593.44,58700.0
66363.125,61600.0
70790.305,63700.0
70532.375,66800.0
68485.086,64700.0
67225.78,65700.0
65616.47,68900.0
70897.88,70200.0
74825.79,70100.0
75579.93,70400.0
77681.445,67400.0
72716.61,63700.0
74876.71,60200.0
72777.06,56800.0
68515.26,55300.0
65095.18,55000.0
65572.11,54400.0
65228.125,54200.0
55238.91,53500.0
48232.11,52600.0
45703.348,51400.0
44815.68,51000.0
45841.855,50900.0
42886.004,51500.0
40721.723,50400.0
41207.332,47800.0
41145.016,47300.0
42869.793,47300.0
44551.387,46800.0
44100.46,44400.0
41354.793,42600.0
42277.176,43100.0
45134.246,45000.0
44337.094,45600.0
37745.99,46700.0
34736.25,47800.0
38522.59,48100.0
43780.316,50100.0
42755.97,51300.0
43241.637,52000.0
41605.77,52000.0
39175.98,52200.0
39580.305,57100.0
46017.086,64000.0
53933.01,67000.0
63072.207,65000.0
73816.11,62000.0
80921.164,58000.0
83706.93,55500.0
83100.766,53000.0
86342.27,52400.0
108439.48,50700.0
103070.02,48500.0
92608.73,46300.0
70212.65,44100.0
58203.637,42200.0
52444.56,40600.0
51287.16,39400.0
50413.484,38000.0
48191.758,36200.0
44326.027,34800.0
40588.133,33400.0
38639.793,32300.0
42124.582,31500.0
44847.46,30800.0
37710.086,30100.0
33917.137,29200.0
34145.17,28300.0
35406.215,27400.0
34425.797,26700.0
34485.754,26200.0
30973.2,26200.0
29216.29,26800.0
29584.387,26800.0
28629.783,26600.0
26130.02,26300.0
24771.22,25900.0
24031.936,25600.0
23848.969,25700.0
23721.863,25300.0
24687.713,24600.0
26498.078,23800.0
25100.203,23400.0
23114.125,24500.0
22806.613,25800.0
28736.908,25200.0
32471.742,24200.0
28511.102,23300.0
26979.967,23200.0
32876.316,23700.0
52172.42,24000.0
52947.652,23300.0
48877.477,22700.0
45762.72,22200.0
45139.12,22600.0
45283.418,27300.0
48027.117,35600.0
61724.83,37600.0
79043.56,32900.0
81827.664,29000.0
74014.46,27000.0
66580.32,26500.0
94224.09,25000.0
178039.53,27400.0
137735.97,23000.0
76676.836,22100.0
55979.934,21800.0
47835.02,21100.0
43493.633,20800.0
40774.098,21000.0
38491.0,21000.0
36666.234,20000.0
35011.96,19000.0
33690.508,18000.0
32195.44,17000.0
30939.262,17000.0
29975.516,18000.0
28846.416,18500.0
27756.596,17000.0
26790.469,15000.0
26127.98,13500.0
25593.502,12500.0
25001.586,12000.0
24250.262,12000.0
23599.42,12500.0
23061.545,13000.0
22542.562,13100.0
22125.059,13100.0
21799.355,13000.0
21486.225,13000.0
21180.814,13000.0
20868.03,12500.0
20522.049,12000.0
20151.65,11700.0
19809.225,11500.0
19541.355,11200.0
19223.691,10900.0
18910.738,10500.0
18629.68,10000.0
18401.89,9500.0
18246.326,9500.0
18109.352,9000.0
17934.553,8800.0
17734.521,8600.0
17542.273,8500.0
17405.86,8300.0
17224.428,8000.0
16997.783,7800.0
16701.541,7600.0
16341.039,7500.0
15921.476,7400.0
15540.4795,7400.0
15390.375,7300.0
14882.812,7200.0
14399.095,7200.0
14116.035,7100.0
13845.386,7100.0
13550.3125,7000.0
13125.15,7000.0
12790.971,7000.0
12626.128,7000.0
12512.934,7000.0
12403.347,6900.0
12286.095,6900.0
12154.659,6800.0
12020.923,6800.0
11896.115,6800.0
11788.362,6800.0
11777.29,6800.0
11766.044,6800.0
11605.058,6800.0
11480.679,6800.0
11396.308,6800.0
11337.427,6800.0
11285.944,6800.0
11220.465,6800.0
11150.183,6800.0
11075.299,6800.0
11010.308,6800.0
10940.687,6800.0
10866.988,6800.0
10794.668,6800.0
10726.704,6800.0
10674.122,6800.0
10627.366,6800.0
10572.187,6800.0
10501.595,6800.0
10426.28,6800.0
10352.516,6800.0
10302.934,6800.0
10208.362,6800.0
10085.433,6800.0
9971.433,6800.0
9838.568,6800.0
9663.805,6800.0
9494.555,6800.0
9351.649,6800.0
9196.176,6800.0
9045.683,6800.0
8906.75,6800.0
8754.416,6800.0
8579.891,6800.0
8411.892,6800.0
8269.374,6800.0
8172.121,6800.0
8405.626,6800.0
9155.418,6800.0
9796.64,6800.0
10970.799,6800.0
15800.247,6800.0
21568.547,6800.0
26269.105,6800.0
27042.002,6800.0
23207.852,6800.0
19205.729,6800.0
17399.85,6800.0
16838.918,6800.0
16585.943,6800.0
16211.075,6800.0
15794.333,6800.0
15493.513,6800.0
15278.81,6800.0
15099.2,6800.0
14832.084,6800.0
14564.877,6800.0
14292.253,6800.0
14019.346,6700.0
13782.2,6700.0
13553.419,6700.0
13303.822,6700.0
12992.211,6700.0
12692.488,6600.0
12456.279,6600.0
12273.864,6600.0
12140.018,6600.0
12033.328,6600.0
11917.579,6600.0
11796.483,6500.0
11671.184,6500.0
11528.785,6500.0
11382.219,6500.0
11248.955,6400.0
11113.518,6400.0
10978.593,6400.0
10857.552,6400.0
10733.767,6400.0
10615.844,6300.0
10519.604,6300.0
10425.79,6300.0
10336.97,6300.0
10241.304,6300.0
10147.2295,6250.0
10042.127,6250.0
9937.731,6250.0
9856.856,6250.0
9765.701,6250.0
9652.81,6250.0
9536.743,6250.0
9483.25,6250.0
9528.253,6250.0
9539.63,6250.0
9309.773,6250.0
9009.154,6250.0
8903.206,6250.0
8887.499,6250.0
9022.863,6250.0
10135.146,6250.0
13843.725,6250.0
23189.814,6250.0
36259.027,6250.0
48582.01,6250.0
52650.44,6250.0
50967.793,6300.0
48854.445,6400.0
43765.387,6500.0
38093.02,6500.0
35074.4,6600.0
32777.805,6700.0
31514.193,6800.0
34021.863,6900.0
36224.812,7100.0
35361.887,7300.0
30868.871,7500.0
28638.848,7700.0
28095.041,8000.0
27387.531,8500.0
27273.57,9200.0
27740.223,9800.0
28366.998,10000.0
29144.81,11000.0
29545.64,12000.0
30298.467,13000.0
31393.611,16000.0
34188.816,18000.0
39801.504,18000.0
39540.766,18000.0
39052.21,17000.0
39593.004,17000.0
41049.11,16000.0
38572.496,16800.0
35482.707,17600.0
34026.395,18300.0
36284.492,19400.0
42048.117,20700.0
46523.594,22700.0
44872.79,22900.0
42224.19,22300.0
37799.938,21800.0
34214.293,21400.0
32527.113,21000.0
32248.953,20100.0
32601.215,19700.0
33624.152,20300.0
34234.7,21900.0
34304.9,23200.0
34099.754,23300.0
31336.617,22500.0
30454.547,22300.0
32026.31,22800.0
32940.36,22900.0
32986.49,23000.0
34505.348,24800.0
36225.707,26100.0
36790.164,28000.0
40866.99,30400.0
45715.61,33400.0
52199.004,36500.0
57014.87,37200.0
55433.25,34900.0
54434.504,31500.0
56345.918,29100.0
59603.453,29600.0
57111.098,30900.0
53326.598,33900.0
56253.06,36700.0
62811.727,37300.0
70845.94,44300.0
74127.63,46500.0
70723.445,42600.0
62348.99,40600.0
60214.78,39800.0
66023.98,39400.0
69435.586,40400.0
67861.34,41200.0
63448.453,42100.0
58618.16,43400.0
55019.973,44600.0
54766.254,45000.0
55132.484,45200.0
57688.543,45600.0
60860.73,46000.0
62403.24,44600.0
62430.883,43900.0
61963.992,42800.0
63716.785,41100.0
60450.156,40100.0
56067.402,40000.0
52244.016,40700.0
50156.617,42500.0
50053.68,45700.0
49729.824,48600.0
55839.7,50100.0
64123.848,52300.0
67427.15,52900.0
63108.945,55000.0
67210.586,58000.0
83224.97,62000.0
100567.664,66600.0
105663.664,67000.0
97420.64,65100.0
85002.24,62200.0
79888.72,60600.0
72416.94,61000.0
66533.85,61800.0
70035.44,60500.0
69582.76,59000.0
66108.25,58300.0
59647.277,58500.0
54890.74,59100.0
56052.43,61700.0
55105.016,61900.0
57778.81,62700.0
60326.156,63400.0
61381.63,62900.0
61045.254,62300.0
58012.47,63200.0
58323.547,64400.0
62482.49,64100.0
70859.914,62600.0
73904.52,63900.0
69321.54,64400.0
72603.91,62600.0
75643.3,60300.0
77539.1,59400.0
75722.36,59800.0
73356.18,65600.0
71336.125,70800.0
75109.164,77200.0
79113.4,75200.0
75039.9,67500.0
70085.055,63400.0
68196.22,61500.0
72832.375,60600.0
79306.34,61600.0
79539.57,65300.0
84090.02,65700.0
82550.195,63700.0
72725.76,63700.0
68418.29,64400.0
70902.64,62900.0
76329.42,60500.0
78033.984,59400.0
78364.875,58300.0
77609.32,56700.0
64190.668,56100.0
55612.656,55000.0
53022.277,52200.0
51292.043,49000.0
49440.125,46400.0
47819.797,44700.0
45727.73,43800.0
44525.906,43300.0
41237.38,43300.0
36910.324,42100.0
34854.37,39900.0
33282.566,37700.0
32650.611,36000.0
31653.2,34600.0
30400.629,34000.0
29539.76,36200.0
29703.25,41200.0
31445.89,45000.0
35206.87,43600.0
32985.965,43600.0
28713.607,47400.0
29086.348,49000.0
45635.453,50200.0
97051.22,51000.0
96833.12,50400.0
61889.92,48200.0
53081.414,45300.0
63620.5,42700.0
62216.266,40200.0
61098.613,37500.0
59881.676,35100.0
56049.855,33600.0
54351.5,32500.0
54879.91,31200.0
53113.453,30200.0
49644.215,28700.0
47023.316,27700.0
45182.324,27000.0
43483.508,26600.0
41503.562,25900.0
39580.848,25200.0
38012.47,24300.0
36723.39,23700.0
35594.062,22800.0
34359.7,22000.0
33054.168,20800.0
31684.256,19700.0
30421.791,18200.0
29379.07,17000.0
28456.094,15900.0
27730.586,15000.0
27330.166,15000.0
27041.086,15200.0
26670.271,15400.0
25985.102,15200.0
25292.8,14900.0
24944.578,14300.0
24474.61,13000.0
23908.715,12000.0
23221.49,11300.0
22544.506,10700.0
22003.951,10500.0
21560.615,10700.0
21119.49,11600.0
20746.998,12000.0
20418.88,12500.0
20036.248,12800.0
19700.871,13000.0
19606.73,12900.0
19597.818,12900.0
19292.242,12800.0
18956.676,12700.0
18782.072,12200.0
18647.543,11900.0
18567.287,11500.0
18469.12,11200.0
18412.59,11000.0
18528.455,10600.0
18467.482,10400.0
17805.531,10200.0
17115.172,10100.0
16550.064,9900.0
16122.595,9700.0
15730.2,9500.0
15358.099,9300.0
15049.516,9200.0
14810.413,9000.0
14604.03,8900.0
14583.949,8700.0
14823.678,8600.0
14729.982,8500.0
14549.812,8400.0
14616.335,8400.0
14687.667,8300.0
14651.542,8100.0
14422.007,8100.0
14695.699,8100.0
14974.804,8100.0
14896.681,8100.0
14657.712,8100.0
14493.647,8100.0
14338.432,8100.0
14209.329,8000.0
14074.692,8000.0
13916.105,8000.0
13774.353,8000.0
13642.949,8000.0
13513.883,8000.0
13596.621,8000.0
13583.679,8000.0
13394.687,8000.0
13141.893,8000.0
13048.458,8000.0
13554.378,8000.0
13262.377,8000.0
12772.192,8000.0
12793.698,7900.0
12419.788,7900.0
12193.501,7900.0
12082.057,7900.0
11992.277,7800.0
11904.749,7800.0
11817.239,7800.0
11714.451,7800.0
11607.431,7800.0
11499.202,7700.0
11385.952,7700.0
11246.425,7700.0
11117.017,7700.0
10992.386,7700.0
10852.22,7700.0
10699.001,7600.0
10539.523,7600.0
10388.31,7500.0
10230.33,7500.0
10036.496,7500.0
9826.711,7500.0
9636.183,7400.0
9481.2295,7300.0
9357.6875,7300.0
9250.794,7300.0
9139.438,7300.0
9024.962,7300.0
8908.542,7300.0
8788.772,7300.0
8661.986,7300.0
8563.569,7300.0
8510.955,7300.0
10227.796,7300.0
13478.943,7300.0
17222.256,7200.0
21847.254,7200.0
19992.508,7200.0
15378.98,7200.0
11456.8545,7200.0
10230.169,7200.0
11881.632,7200.0
12363.452,7200.0
11535.592,7200.0
10479.136,7100.0
10092.599,7100.0
10059.409,7100.0
10066.213,7100.0
10040.353,7100.0
9987.818,7100.0
9927.8545,7100.0
9874.145,7100.0
9817.718,7100.0
9760.982,7100.0
9691.541,7100.0
9622.707,7100.0
9558.088,7100.0
9493.351,7100.0
9638.499,7100.0
10181.638,7000.0
11458.819,7000.0
13010.764,7000.0
12532.8,7000.0
13864.786,7000.0
20792.26,7000.0
26171.367,7000.0
28560.693,7000.0
25744.332,7000.0
19460.96,7000.0
16857.705,7000.0
16665.154,7000.0
17900.752,7000.0
16484.955,6900.0
13614.413,6900.0
11951.141,6900.0
10874.466,6900.0
10406.115,6900.0
10428.233,6900.0
11677.3955,6800.0
14823.254,6800.0
20420.27,6800.0
26154.441,6800.0
29224.756,6800.0
29123.88,6800.0
27140.299,6700.0
30036.33,6700.0
35995.066,6700.0
32556.814,6700.0
27466.645,6700.0
23502.635,6700.0
19874.107,6600.0
16456.156,6600.0
14088.931,6600.0
13149.33,6600.0
12502.986,6600.0
12969.291,6600.0
13736.469,6600.0
15056.654,6600.0
17550.256,6500.0
19691.916,6500.0
21311.217,6500.0
22050.8,6500.0
22976.428,6500.0
22095.121,6500.0
19630.5,6500.0
17527.076,6500.0
16951.592,6500.0
16930.596,6500.0
17463.959,6600.0
18456.855,6600.0
18527.04,6600.0
19066.621,6700.0
19908.87,6700.0
19352.688,6700.0
18474.314,6800.0
19112.213,6800.0
20909.65,6800.0
21831.006,6900.0
23389.8,6900.0
26207.357,7000.0
28835.057,7000.0
29522.777,7200.0
22518.797,7200.0
20169.367,7500.0
22153.645,7500.0
25506.15,7800.0
28723.32,7800.0
28173.645,8000.0
23352.12,8300.0
22585.854,8800.0
27477.752,12000.0
33524.85,17000.0
34668.26,20000.0
33703.97,22000.0
36140.297,24000.0
38720.348,26000.0
36090.38,28000.0
34703.41,30000.0
33543.242,33000.0
34952.793,36000.0
37663.035,40000.0
39433.44,44000.0
37317.656,45000.0
36121.793,41500.0
35260.746,33200.0
35020.03,33000.0
34993.945,33700.0
38314.434,32600.0
36798.395,29800.0
34326.96,25500.0
33446.008,24400.0
32236.73,23100.0
31549.043,22600.0
31541.617,22500.0
30948.064,22500.0
30125.547,23300.0
29274.781,24600.0
28779.14,25000.0
29375.924,26000.0
31027.531,26200.0
31572.604,26100.0
32332.912,24900.0
35273.99,23300.0
36130.715,22300.0
36651.52,22100.0
36304.625,22200.0
38409.414,22200.0
40334.47,22100.0
37620.766,22400.0
36999.977,22800.0
36751.613,22400.0
38019.484,21700.0
38101.84,21900.0
37008.6,23100.0
36358.48,24900.0
38188.105,26000.0
41674.207,27300.0
41277.43,28900.0
43523.09,32200.0
47525.734,33900.0
54837.008,33800.0
65616.48,33300.0
70778.74,33100.0
66168.48,33100.0
67537.75,34000.0
67029.33,35100.0
65908.57,36500.0
63604.82,38700.0
61166.293,41600.0
62885.902,44700.0
65673.04,49400.0
70994.51,49000.0
75721.4,47000.0
71189.38,44300.0
68722.43,41000.0
70172.15,39000.0
66379.59,37700.0
65602.33,36500.0
58025.504,35700.0
56589.2,36100.0
56362.04,37400.0
54229.332,39100.0
59150.953,40600.0
69059.87,44700.0
70215.05,46300.0
71157.19,50100.0
66981.55,56100.0
62407.074,56900.0
65072.84,56000.0
65912.98,53700.0
63892.895,53200.0
55058.98,53500.0
46840.133,55100.0
46202.18,58200.0
48442.36,59200.0
49966.74,56600.0
49576.555,56300.0
46941.06,56400.0
45074.168,55000.0
48242.08,53200.0
57302.527,50400.0
49889.766,47500.0
40084.39,47300.0
40311.883,57300.0
44463.758,86500.0
45976.438,104000.0
45386.23,114000.0
43794.43,116000.0
44908.027,110000.0
47069.297,103000.0
49259.617,92700.0
51594.28,84900.0
52001.645,78700.0
49796.973,73500.0
47867.484,73300.0
48163.49,74800.0
49129.242,75700.0
50085.906,72200.0
49872.125,66500.0
52319.902,61600.0
51118.742,57500.0
44987.82,54600.0
41633.383,53300.0
38794.848,52900.0
38569.285,52900.0
38932.676,53200.0
40618.344,51600.0
44978.773,49300.0
48262.203,48000.0
50054.65,47100.0
45308.863,46300.0
42247.9,45700.0
39653.36,45200.0
37108.215,44600.0
36677.58,45200.0
39511.125,45300.0
39262.184,44900.0
41184.297,43200.0
43947.598,41700.0
42604.06,40400.0
37494.33,39100.0
35720.62,37900.0
35156.53,36800.0
35063.715,35800.0
34687.434,35200.0
33840.504,35000.0
31518.951,35100.0
30408.875,34900.0
30866.045,36000.0
33779.04,36800.0
34589.902,37000.0
37209.195,37500.0
46154.797,37000.0
52853.406,35900.0
52225.047,35600.0
60214.582,35100.0
56817.08,34200.0
50261.75,33000.0
48834.164,31600.0
46955.258,30400.0
45595.52,29000.0
45188.016,28000.0
49938.58,27000.0
44759.984,25900.0
40716.99,25300.0
38852.754,24400.0
36725.785,23500.0
35724.74,22700.0
35305.07,22400.0
34993.21,22400.0
34944.36,22200.0
35457.39,21900.0
34899.395,21700.0
34412.3,21500.0
34723.2,21000.0
35962.375,20100.0
36717.36,19400.0
35420.543,19400.0
34770.19,19500.0
35610.91,19500.0
37457.65,19400.0
37401.22,20000.0
36145.95,18400.0
35316.16,17800.0
34693.78,16200.0
34455.562,14500.0
34169.11,12300.0
32800.56,10700.0
31862.572,10300.0
31336.016,10700.0
30834.785,11200.0
29912.18,10900.0
28753.184,10500.0
27675.838,10000.0
26799.91,9400.0
26057.312,9200.0
25315.625,8900.0
24554.451,8800.0
23786.217,8700.0
23119.85,8600.0
22584.258,8500.0
22077.42,8600.0
21566.865,8600.0
21104.992,8500.0
20648.111,8400.0
20163.098,8300.0
19713.713,8200.0
19360.402,8100.0
19047.336,8000.0
18771.596,8000.0
18509.205,7900.0
18227.213,7900.0
17959.309,7900.0
17713.564,7800.0
17501.463,7800.0
17342.598,7700.0
17195.674,7700.0
17018.234,7600.0
16789.047,7600.0
16577.654,7600.0
16380.702,7700.0
16146.758,7700.0
15879.294,7700.0
15607.1875,7600.0
15330.105,7500.0
15073.444,7500.0
14810.879,7500.0
14482.032,7400.0
14118.982,7400.0
13683.723,7400.0
13173.896,7400.0
12733.57,7400.0
12355.409,7400.0
12092.804,7400.0
11900.784,7400.0
11752.316,7400.0
11604.854,7400.0
11449.624,7400.0
11336.233,7400.0
11253.859,7400.0
11190.032,7400.0
11141.118,7400.0
11090.762,7400.0
11046.801,7300.0
11019.846,7300.0
10984.798,7300.0
10972.581,7300.0
10944.821,7300.0
10914.451,7300.0
10888.23,7300.0
10865.303,7300.0
10828.299,7300.0
10779.301,7300.0
10714.077,7300.0
10643.761,7300.0
10576.098,7300.0
10498.48,7200.0
10411.798,7200.0
10327.385,7200.0
10246.968,7200.0
10149.457,7200.0
10023.738,7200.0
9877.635,7200.0
9721.906,7200.0
9558.876,7200.0
9389.819,7200.0
9199.17,7200.0
8952.368,7200.0
8691.15,7200.0
8439.315,7200.0
8186.246,7200.0
7939.6704,7200.0
7682.0547,7200.0
7517.3726,7200.0
8147.9155,7200.0
9518.664,7200.0
14277.003,7200.0
18640.39,7200.0
21214.436,7200.0
22838.035,7200.0
25439.629,7200.0
30333.572,7200.0
32497.316,7200.0
33413.504,7200.0
33988.71,7200.0
35332.094,7100.0
35633.3,7100.0
34750.566,7100.0
33945.18,7100.0
32866.066,7100.0
31700.318,7100.0
30562.164,7100.0
29429.371,7100.0
28464.701,7100.0
27607.38,7100.0
26805.227,7100.0
26050.62,7100.0
25295.492,7000.0
24524.812,7000.0
23782.848,7000.0
23079.143,7000.0
22506.68,7000.0
22066.26,7000.0
21618.69,7000.0
21183.25,7000.0
20796.385,7000.0
20480.318,7000.0
20209.805,7000.0
20077.89,7000.0
19755.348,7000.0
19582.377,7000.0
19910.758,7000.0
20122.84,6900.0
19274.848,6900.0
18481.14,6900.0
18125.156,6900.0
18192.467,6900.0
18781.748,6900.0
18179.475,6900.0
17401.373,6800.0
16984.209,6800.0
16707.652,6800.0
16530.902,6800.0
16713.053,6700.0
18627.027,6700.0
20910.902,6700.0
23726.693,6700.0
22857.062,6700.0
19462.564,6700.0
17802.64,6600.0
18169.084,6600.0
20967.447,6600.0
20466.486,6600.0
18284.57,6600.0
17550.242,6600.0
17297.299,6600.0
17204.463,6500.0
17114.28,6500.0
16866.809,6500.0
16637.105,6500.0
16446.31,6500.0
16243.778,6500.0
16013.871,6500.0
15894.153,6500.0
16353.675,6500.0
17961.553,6500.0
21503.668,6500.0
24436.81,6500.0
24435.98,6500.0
22642.738,6500.0
22746.775,6500.0
23955.393,6500.0
23484.455,6500.0
22135.31,6500.0
21794.055,6500.0
23105.04,6500.0
24654.467,6500.0
26407.104,6500.0
28883.473,6500.0
30838.953,6500.0
31612.963,6500.0
31527.1,6600.0
32172.846,6600.0
33960.406,6600.0
35548.406,6600.0
37564.8,6700.0
39002.86,6700.0
39831.348,6800.0
41029.22,6800.0
42338.875,6900.0
43057.516,7100.0
43101.05,7300.0
42548.25,7500.0
41759.348,7800.0
41449.87,8200.0
42099.48,9000.0
42400.582,10000.0
41958.91,12000.0
42390.82,18000.0
43728.504,30000.0
45280.89,50000.0
46558.19,60000.0
49182.25,64000.0
53343.633,64600.0
58086.176,60800.0
63345.582,54000.0
69312.48,48000.0
73471.34,42200.0
73251.38,40600.0
73626.02,38800.0
71450.56,37000.0
68837.56,36500.0
64879.582,36300.0
60596.273,34700.0
55067.754,32500.0
50741.17,30400.0
47122.844,28900.0
43798.42,28400.0
41223.082,28600.0
39109.707,29400.0
37843.0,30900.0
37867.277,33000.0
39238.46,34900.0
41405.066,35800.0
43925.855,37300.0
47518.25,39300.0
55368.086,39600.0
61036.906,38700.0
63577.8,37500.0
64612.824,36100.0
62240.24,36400.0
57948.08,33800.0
55865.65,32300.0
52431.67,33100.0
50970.72,35100.0
49396.527,37700.0
46986.582,39500.0
44681.285,40800.0
45940.17,41500.0
48108.688,42300.0
50379.133,42800.0
52214.473,43600.0
54162.348,44200.0
58659.355,44700.0
61678.785,47200.0
63180.043,48000.0
64916.652,48800.0
66247.195,48200.0
65467.875,47700.0
63093.98,49900.0
62989.13,49200.0
57070.043,48100.0
48879.91,46700.0
47761.945,47200.0
47247.76,46900.0
46712.477,49500.0
42956.93,49200.0
38128.402,44200.0
37355.934,42800.0
39899.38,47800.0
46458.027,48600.0
47392.062,47000.0
42151.414,45600.0
40089.56,45600.0
39774.4,46100.0
38292.02,47100.0
40598.723,48300.0
41534.605,50100.0
42207.016,52600.0
45181.727,57300.0
46537.934,59500.0
47696.734,56500.0
47461.84,55000.0
44313.01,54800.0
40716.656,56800.0
40168.273,60800.0
43603.24,63200.0
47928.81,60800.0
52107.05,58500.0
45904.297,58900.0
38892.37,57300.0
36763.56,53500.0
36635.953,52100.0
35985.47,51000.0
30882.195,48700.0
26238.764,45800.0
25067.984,44400.0
25062.97,45600.0
24940.7,47700.0
23520.33,50900.0
24152.992,54800.0
22026.922,59100.0
16467.596,59700.0
14263.763,56200.0
25382.064,51700.0
37439.86,52100.0
37600.668,54500.0
35869.2,57000.0
34991.56,57300.0
35698.668,54600.0
28431.37,53400.0
19760.477,52800.0
20187.867,49700.0
25466.676,46000.0
26845.943,42600.0
23093.861,41200.0
18298.176,42700.0
16933.803,45400.0
19055.203,48100.0
22149.752,49300.0
19814.959,47400.0
12855.57,45300.0
11857.435,42600.0
16395.008,40300.0
26653.502,38900.0
44638.777,38300.0
36168.285,37300.0
23619.662,35900.0
19222.924,36100.0
17461.207,37400.0
18989.766,39400.0
25874.953,41500.0
32342.914,41800.0
37248.457,42500.0
36903.812,43500.0
39609.6,41400.0
52152.637,38300.0
58556.266,36200.0
65428.58,35200.0
49404.766,34400.0
36022.617,33600.0
31816.047,32400.0
28553.7,31300.0
25461.57,30600.0
25826.543,30000.0
26082.168,29300.0
28386.219,28400.0
28586.922,27200.0
26043.975,25900.0
24593.408,25100.0
25488.23,25000.0
32205.84,25000.0
31972.902,24800.0
27491.693,24600.0
22667.365,24900.0
20746.594,24600.0
23619.07,23800.0
29208.816,23000.0
26929.537,22400.0
24354.836,21800.0
24064.482,21100.0
27685.994,20500.0
30955.348,19900.0
26966.62,19500.0
25551.248,19200.0
26737.107,19000.0
26057.016,18800.0
24123.996,18700.0
23058.113,18500.0
22553.807,18400.0
21931.12,18300.0
21792.586,18200.0
22070.506,18500.0
24365.672,18800.0
28793.307,19000.0
29079.496,19200.0
29967.973,18800.0
30047.16,18200.0
30828.914,17000.0
31320.443,15500.0
29150.5,14800.0
29870.74,14800.0
27193.39,14900.0
23216.182,15500.0
21373.275,15800.0
20407.482,15200.0
19784.678,14500.0
19402.799,12800.0
19131.877,12600.0
18783.586,13000.0
18475.07,12000.0
18366.082,11000.0
18326.105,10100.0
18272.383,9600.0
17635.209,8700.0
17138.795,7900.0
16860.533,8500.0
16660.576,9000.0
16422.861,9100.0
16170.108,9200.0
15862.382,9300.0
15661.258,9400.0
15394.859,9500.0
14939.782,9500.0
14596.402,9600.0
14322.814,9600.0
14074.137,9600.0
13855.846,9600.0
13659.72,9600.0
13448.651,9500.0
13181.446,9300.0
12893.249,9200.0
12604.469,9100.0
12266.712,9000.0
11914.776,8900.0
11576.389,8700.0
11225.04,8500.0
10830.156,8400.0
10488.276,8200.0
10138.316,8000.0
9820.9795,7900.0
9526.693,7800.0
9258.285,7600.0
9030.768,7500.0
8788.692,7500.0
8648.755,7400.0
8555.39,7300.0
8450.129,7200.0
8287.842,7200.0
8328.538,7100.0
8571.986,7100.0
8944.399,7100.0
8917.983,7000.0
8762.464,6900.0
8811.813,6900.0
8925.424,6900.0
9017.914,6800.0
9035.61,6800.0
9024.351,6800.0
8999.599,6700.0
8940.909,6700.0
8872.88,6700.0
8797.085,6700.0
8716.297,6700.0
8637.783,6700.0
8574.216,6700.0
8506.167,6700.0
8471.48,6700.0
8371.333,6700.0
8285.139,6700.0
8239.538,6700.0
8221.821,6700.0
8207.714,6700.0
8079.1157,6700.0
7969.161,6700.0
7885.487,6700.0
7814.3228,6700.0
7716.679,6700.0
7587.541,6700.0
7444.4434,6700.0
7319.734,6700.0
7236.578,6700.0
7181.2793,6700.0
7091.5293,6700.0
6926.1606,6700.0
6805.845,6700.0
6748.056,6700.0
6723.2188,6700.0
6695.662,6700.0
6661.7793,6700.0
6613.5615,6700.0
6552.3535,6700.0
6509.385,6700.0
6472.963,6700.0
6421.611,6700.0
6368.3765,6700.0
6322.46,6700.0
6289.3643,6700.0
6251.627,6700.0
6214.9443,6700.0
6161.495,6700.0
6104.8765,6700.0
6051.512,6700.0
6002.57,6700.0
6041.733,6700.0
6012.977,6700.0
5994.7183,6700.0
5870.5586,6600.0
5787.8745,6600.0
5755.719,6600.0
5732.6943,6600.0
5732.2964,6600.0
6355.772,6600.0
6357.0566,6600.0
6461.912,6600.0
6024.965,6600.0
5913.538,6600.0
6008.2485,6600.0
6217.254,6600.0
6094.239,6600.0
6269.018,6600.0
7182.996,6600.0
8161.9194,6600.0
9022.313,6600.0
9287.0625,6600.0
11886.573,6600.0
14818.624,6600.0
13943.046,6600.0
11659.7295,6600.0
10892.466,6600.0
11759.444,6600.0
14052.772,6600.0
15095.528,6600.0
14377.889,6600.0
13802.245,6600.0
14173.56,6600.0
14862.652,6600.0
15353.112,6600.0
15254.181,6600.0
15096.317,6600.0
15170.977,6600.0
15080.497,6600.0
15035.315,6600.0
14888.736,6600.0
14752.659,6600.0
14726.828,6600.0
14448.104,6600.0
14153.88,6600.0
14183.743,6600.0
14318.111,6600.0
14830.605,6600.0
15200.989,6600.0
16005.421,6600.0
16791.564,6600.0
16975.012,6600.0
17125.51,6600.0
16991.223,6600.0
16449.172,6600.0
16141.141,6600.0
15705.625,6600.0
15328.927,6600.0
15180.341,6600.0
15100.582,6700.0
15528.973,6700.0
16364.174,6800.0
17301.51,6800.0
17829.867,6900.0
18095.387,6900.0
18182.076,7000.0
17992.203,7000.0
18166.781,7000.0
18536.018,7100.0
18558.482,7200.0
18805.436,7300.0
19183.768,7400.0
19733.115,7600.0
20450.936,7800.0
20907.424,8000.0
20616.793,8200.0
20354.457,8400.0
19592.215,8700.0
19234.553,9000.0
19636.637,9300.0
20560.068,9600.0
21616.27,10000.0
21914.203,10700.0
21011.717,11000.0
20509.334,11600.0
20499.994,12400.0
20770.295,13000.0
21227.385,14000.0
21444.35,15500.0
21424.695,17000.0
21455.004,19000.0
22114.67,21000.0
23497.102,23000.0
25537.91,24200.0
26948.074,24600.0
27223.791,25000.0
27726.086,24800.0
28210.824,23600.0
28591.25,22900.0
27904.871,22600.0
27241.672,21900.0
27250.238,21400.0
27706.047,20800.0
28218.496,20600.0
28393.424,20500.0
27958.33,19400.0
27147.742,18700.0
26496.275,18200.0
25835.283,17900.0
25143.604,18200.0
24492.46,19200.0
24105.906,20900.0
24417.117,23200.0
26653.816,24200.0
31119.852,24500.0
32464.508,24700.0
34005.29,26800.0
37118.38,30200.0
41692.996,31000.0
44141.35,31600.0
44508.66,31800.0
47097.5,32100.0
51276.34,34200.0
53898.566,35700.0
54809.402,35300.0
56117.508,36600.0
57316.98,39700.0
61597.63,42300.0
68188.984,43500.0
69384.69,42100.0
63433.492,43500.0
58626.61,47600.0
54331.395,46800.0
53639.496,43700.0
47658.645,44000.0
48643.69,51000.0
52909.633,54800.0
52527.59,52300.0
51714.715,47000.0
52655.773,42800.0
50661.77,39900.0
48495.4,38400.0
43576.76,38200.0
38561.88,38600.0
38920.836,41300.0
44027.426,42900.0
45383.457,42700.0
43932.39,43600.0
47357.33,46100.0
48042.223,47700.0
51320.44,49600.0
58039.35,51800.0
62493.016,55000.0
64152.062,56000.0
61860.867,59100.0
66322.22,61600.0
70217.61,64100.0
68340.07,66700.0
75234.336,66500.0
83570.766,64100.0
78325.82,62100.0
74043.83,61000.0
71967.98,61100.0
70172.77,60400.0
70858.32,60700.0
66863.19,64000.0
65115.44,65600.0
70755.57,66000.0
74159.07,65600.0
70480.92,64600.0
74034.09,63000.0
79075.19,63900.0
78019.63,64700.0
71925.96,65800.0
68674.58,67100.0
67208.11,70600.0
70726.125,71800.0
81042.195,70800.0
90126.38,69600.0
95761.44,70100.0
98893.61,68900.0
96314.62,66400.0
89230.74,64200.0
84052.625,63800.0
77392.33,64300.0
72916.81,63900.0
75049.64,63800.0
74244.59,65200.0
66027.38,68000.0
59049.645,68700.0
58260.895,67400.0
64092.555,65000.0
59936.99,63200.0
52827.21,63800.0
49723.86,62200.0
55282.25,60400.0
64868.44,57700.0
56252.312,56300.0
47344.723,57900.0
42168.77,60300.0
43646.414,61900.0
45064.68,60900.0
40758.867,56400.0
37294.008,53100.0
38486.668,51500.0
43007.46,50700.0
42781.4,49000.0
42080.887,47100.0
44615.35,45600.0
43168.96,44700.0
34499.918,44900.0
29035.363,46400.0
26922.953,46900.0
27395.744,47100.0
29256.115,46800.0
28583.604,47100.0
26930.707,46700.0
26021.426,45700.0
25230.0,44500.0
26672.92,43700.0
29457.338,43200.0
31536.5,44300.0
34528.227,44800.0
37047.047,48500.0
37536.09,56400.0
35764.824,60000.0
34851.52,56000.0
39615.93,52800.0
44203.36,50700.0
40649.387,48300.0
42219.95,46700.0
50279.746,45600.0
55949.137,43900.0
48949.797,42300.0
42117.41,40500.0
37714.613,38800.0
34485.28,36700.0
32231.037,34700.0
30128.16,32400.0
28050.88,30300.0
26056.713,28600.0
23944.727,27100.0
22210.66,26100.0
20920.11,25600.0
19884.375,25400.0
19031.291,25300.0
18546.355,25000.0
19848.43,24400.0
21319.898,23900.0
22616.248,23200.0
21605.266,22700.0
23082.807,22200.0
26263.455,21900.0
32871.125,21200.0
28488.455,20700.0
23700.055,20400.0
22272.916,20100.0
21504.701,19600.0
20938.21,19500.0
20558.754,19200.0
20140.842,19000.0
19713.092,18600.0
19222.295,18200.0
18805.63,18000.0
18506.41,18000.0
18290.732,18000.0
18021.078,17900.0
17547.473,17100.0
17213.836,16100.0
16975.363,15500.0
16697.756,15700.0
16340.915,15700.0
15926.837,15500.0
15420.744,15500.0
14901.407,15200.0
14482.302,14000.0
14121.62,13000.0
13812.493,13200.0
13545.571,13300.0
13336.097,13500.0
13188.301,13900.0
13024.496,13200.0
13026.595,12800.0
12887.068,13000.0
12528.901,13000.0
12387.526,13000.0
12460.723,13000.0
12378.688,13000.0
12080.336,13000.0
11904.786,13000.0
11707.064,12600.0
11435.511,12300.0
11133.961,12000.0
10777.126,11700.0
10379.78,11700.0
10005.17,12100.0
9690.822,12600.0
9703.62,13000.0
10208.753,13800.0
10947.819,14000.0
12654.521,14200.0
13836.753,13600.0
14455.985,13000.0
14867.645,12000.0
16039.628,11000.0
17496.615,10000.0
18173.469,10000.0
18936.91,9800.0
19117.406,9800.0
19183.207,10000.0
19291.105,10000.0
19299.377,10000.0
19197.908,9800.0
19008.209,9600.0
18795.492,9600.0
18594.74,9400.0
18384.312,9400.0
18171.299,9200.0
17922.064,9200.0
17634.172,9000.0
17301.729,9000.0
16960.04,8800.0
16673.602,8800.0
16431.49,8600.0
16154.439,8600.0
15845.861,8400.0
15550.434,8400.0
15255.622,8200.0
14961.778,8200.0
14699.631,8000.0
14457.672,7800.0
14231.881,7800.0
14024.449,7600.0
13819.765,7400.0
13658.129,7400.0
13488.024,7400.0
13286.88,7300.0
13138.374,7300.0
13462.147,7300.0
13641.944,7300.0
13497.946,7200.0
13424.971,7200.0
13069.777,7200.0
12623.781,7200.0
12485.718,7200.0
12446.901,7200.0
12462.228,7200.0
12367.937,7200.0
12282.828,7100.0
12185.289,7100.0
12084.054,7100.0
11969.153,7100.0
11845.528,7100.0
11723.436,7100.0
11616.745,7100.0
11496.344,7100.0
11366.916,7000.0
11253.762,7000.0
11129.346,7000.0
10991.058,7000.0
10857.759,7000.0
10730.617,7000.0
10624.923,7000.0
10560.341,7000.0
10519.854,7000.0
10403.511,7000.0
10242.598,7000.0
10259.49,7000.0
10519.149,7000.0
10348.578,7000.0
10846.358,7000.0
12715.014,7000.0
12498.581,7000.0
11268.056,7000.0
10638.015,7000.0
11274.872,7000.0
13058.051,7000.0
12305.523,7000.0
11620.207,6900.0
11153.922,6900.0
10778.375,6900.0
10560.411,6900.0
10325.5625,6900.0
10248.594,6900.0
10372.941,6900.0
10363.971,6900.0
10225.307,6800.0
10045.114,6800.0
9955.817,6800.0
9800.692,6800.0
9668.269,6800.0
9642.126,6800.0
11476.705,6800.0
13176.85,6800.0
13262.645,6700.0
12157.702,6700.0
10758.705,6700.0
9873.046,6700.0
9695.524,6700.0
9547.599,6700.0
9473.335,6700.0
9108.962,6700.0
8882.641,6700.0
8848.774,6700.0
8799.314,6600.0
8659.808,6600.0
8556.586,6600.0
8440.926,6600.0
8319.124,6600.0
8245.259,6600.0
8202.265,6600.0
8264.301,6500.0
8272.549,6500.0
8282.183,6500.0
8517.066,6500.0
9239.534,6500.0
12138.183,6500.0
15289.751,6500.0
18589.885,6500.0
21039.914,6500.0
22003.16,6500.0
22785.725,6600.0
23559.629,6600.0
25322.12,6600.0
25811.936,6600.0
27017.482,6600.0
26898.525,6600.0
28607.752,6600.0
29966.496,6600.0
28056.537,6700.0
26108.496,6700.0
27901.969,6700.0
30284.318,6800.0
29998.062,6800.0
28955.57,6900.0
28588.074,6900.0
29904.102,7000.0
30760.918,7000.0
30718.75,7100.0
29249.812,7100.0
28569.271,7200.0
28443.291,7300.0
28762.764,7400.0
28891.59,7600.0
29354.412,7800.0
29607.596,8000.0
29789.99,8500.0
30372.982,9000.0
30816.566,9500.0
30724.977,10000.0
30494.803,11000.0
30759.268,12500.0
30380.42,15000.0
30228.93,17500.0
30449.59,20000.0
30341.016,22500.0
30591.64,25500.0
31039.314,28000.0
31593.783,30000.0
32878.98,31500.0
33251.63,33000.0
33055.414,34000.0
32672.592,32300.0
32965.336,27900.0
32905.496,26100.0
32752.92,24800.0
32678.578,25000.0
32368.021,26100.0
32076.88,25500.0
32047.785,23500.0
31963.094,23500.0
31142.865,24400.0
30905.035,25100.0
31178.705,26800.0
30636.201,28500.0
30180.58,30200.0
30933.08,31400.0
32314.928,34500.0
34188.15,35500.0
36560.66,37700.0
39195.066,38700.0
43519.965,38700.0
47405.707,39900.0
50181.723,40800.0
56528.902,43000.0
61189.234,45700.0
68176.2,48300.0
74654.305,52200.0
83085.555,53100.0
98041.42,51000.0
104172.02,50500.0
101375.414,49100.0
98111.016,45500.0
95586.62,42300.0
88924.03,40600.0
81877.65,40600.0
76908.45,39800.0
70793.33,38800.0
68765.484,38900.0
63809.902,39100.0
55161.34,39200.0
50797.85,38700.0
49594.52,41800.0
49748.21,46800.0
54387.402,49300.0
67331.984,45500.0
67108.72,43900.0
61890.207,43200.0
62688.746,44000.0
65473.92,45900.0
64353.688,48700.0
69806.22,55300.0
71976.35,59500.0
73870.016,58800.0
78346.95,60600.0
81667.94,60500.0
85590.95,61600.0
87727.875,63200.0
86722.95,63400.0
87484.6,64400.0
93185.516,68500.0
89447.63,70100.0
83301.67,74700.0
81781.3,74800.0
82638.29,69500.0
79737.49,66800.0
80772.836,66000.0
78787.47,66600.0
75706.31,67200.0
70207.28,66900.0
67075.38,65500.0
66153.58,63900.0
65450.39,62600.0
62714.47,61800.0
59828.094,62000.0
61062.254,61300.0
64961.273,61400.0
67956.24,60400.0
63521.5,58800.0
65722.016,59600.0
66552.664,60900.0
62383.9,61300.0
57602.098,61000.0
53442.9,61200.0
51027.113,63400.0
54261.297,64500.0
76201.98,65600.0
89641.1,65100.0
86400.72,63800.0
90081.31,63000.0
90706.91,63600.0
85367.9,64700.0
86095.15,64800.0
95055.4,64100.0
105028.9,60000.0
100743.86,55700.0
99326.836,52100.0
98519.41,50300.0
98196.5,48700.0
108363.09,47700.0
97910.05,49500.0
82753.14,50700.0
74585.516,51700.0
70517.695,53100.0
69816.125,55400.0
69137.74,57700.0
69328.164,56800.0
69350.87,55300.0
69723.36,56500.0
69431.05,59000.0
74599.33,61500.0
85689.305,61400.0
91868.12,60800.0
89564.766,59200.0
85228.76,55300.0
85075.48,51400.0
94434.5,48800.0
90969.5,46900.0
79650.69,45800.0
72856.83,44700.0
67118.266,44400.0
60673.777,43500.0
58370.76,42400.0
58858.45,40800.0
56357.96,39200.0
53193.637,37400.0
50526.77,35700.0
50307.344,34300.0
50445.92,33200.0
59281.492,32200.0
68822.79,31500.0
61413.082,31100.0
56420.773,30500.0
62655.117,30100.0
58457.066,30100.0
50627.168,31300.0
45087.07,32800.0
41587.996,31900.0
39046.723,30400.0
37489.88,29400.0
39682.066,28500.0
40296.418,27900.0
37215.027,27100.0
37331.945,26600.0
35700.086,25900.0
33079.727,25200.0
33679.062,24500.0
48608.016,24000.0
46758.84,23500.0
34704.305,22900.0
30399.193,22400.0
29172.84,22000.0
28801.094,21700.0
29459.09,21400.0
32680.12,21200.0
35027.023,20900.0
36380.465,20500.0
37303.727,20200.0
36887.277,19700.0
35765.855,19400.0
34393.184,18900.0
32915.32,18300.0
31583.45,17900.0
30541.043,17900.0
29451.77,17900.0
28352.383,17900.0
27700.4,17800.0
27070.6,17600.0
26475.6,17200.0
26093.54,16800.0
25829.975,16000.0
25832.996,15000.0
25540.436,14000.0
24853.105,13000.0
24174.676,13100.0
23719.729,13300.0
23643.7,12800.0
23576.291,12100.0
23332.994,11600.0
23104.178,11000.0
22843.443,10700.0
22430.541,10300.0
22003.857,9900.0
21479.004,9700.0
20914.342,9800.0
20355.867,10000.0
19835.586,10300.0
19271.143,10500.0
18739.68,10800.0
18275.088,10900.0
17829.715,10900.0
17440.586,10800.0
17072.885,10700.0
16746.682,10400.0
16385.402,10100.0
15961.876,9900.0
15539.847,9800.0
15105.013,9600.0
14694.05,9400.0
14327.047,9300.0
14007.623,9200.0
13777.198,9000.0
13548.482,8900.0
13349.469,8800.0
13189.002,8700.0
13042.54,8700.0
12908.635,8600.0
12797.713,8400.0
12701.43,8300.0
12605.551,8200.0
12499.346,8200.0
12390.011,8100.0
12284.344,8100.0
12175.369,8000.0
12515.85,8000.0
13329.86,8000.0
17334.443,8000.0
22559.666,8000.0
21775.818,8000.0
20865.44,8100.0
20606.91,8100.0
22019.348,8100.0
23139.9,8100.0
23093.252,8100.0
21984.08,8100.0
21551.098,8100.0
21332.244,8000.0
20975.52,8000.0
20692.041,8000.0
20502.455,8000.0
20280.668,7900.0
20007.455,7900.0
19587.594,7900.0
19152.166,7900.0
18762.37,7800.0
18414.74,7800.0
18102.906,7800.0
17837.355,7700.0
17551.61,7700.0
17270.43,7600.0
16993.291,7600.0
16685.598,7600.0
16334.684,7500.0
15834.243,7500.0
15354.637,7500.0
15012.101,7400.0
14737.904,7400.0
14471.0,7400.0
14224.236,7400.0
13958.289,7300.0
13654.332,7300.0
13399.008,7300.0
13205.889,7200.0
13186.758,7200.0
13226.257,7200.0
12861.398,7100.0
12343.803,7100.0
11997.353,7100.0
11728.131,7000.0
11509.61,7000.0
11237.507,7000.0
10946.373,6900.0
10642.021,6900.0
10380.938,6900.0
10136.539,6900.0
9906.509,6900.0
9641.638,6900.0
9385.628,6800.0
9149.432,6800.0
8929.73,6800.0
8716.035,6800.0
8549.611,6800.0
8405.856,6700.0
8276.389,6700.0
8165.909,6700.0
8060.766,6700.0
7991.049,6700.0
8137.5957,6700.0
8131.151,6700.0
8504.247,6700.0
10269.238,6700.0
10009.547,6800.0
8863.512,6800.0
8889.12,6800.0
9093.023,6800.0
9451.611,6900.0
9740.54,6900.0
9888.75,6900.0
10287.376,6900.0
9940.225,6900.0
9704.24,7000.0
9660.453,7000.0
9587.166,7000.0
9524.475,7000.0
9359.528,7000.0
9177.918,7000.0
9056.834,7000.0
8945.993,7000.0
8825.341,7100.0
8684.228,7100.0
8586.49,7100.0
8536.834,7100.0
8396.527,7100.0
8216.614,7100.0
8079.397,7100.0
7974.8267,7100.0
7910.3813,7100.0
7813.6055,7200.0
7621.241,7200.0
7456.8086,7200.0
7346.0693,7200.0
7222.556,7200.0
7097.593,7200.0
6991.2656,7200.0
6891.6826,7300.0
6805.6943,7300.0
6703.782,7300.0
6599.2476,7300.0
6534.532,7300.0
6445.3857,7300.0
6363.686,7300.0
6319.118,7300.0
6254.308,7300.0
6187.4434,7300.0
6049.321,7300.0
6071.661,7300.0
6296.689,7300.0
6828.8013,7300.0
7239.9795,7400.0
7192.9067,7400.0
8269.736,7400.0
11086.182,7400.0
14651.616,7400.0
17804.412,7400.0
19481.871,7400.0
20639.395,7400.0
21898.992,7400.0
23571.379,7600.0
25763.217,7600.0
27559.176,7800.0
28882.87,8000.0
31330.457,8000.0
33917.188,8500.0
36267.188,9000.0
39419.777,9500.0
43318.84,10000.0
46516.543,11000.0
49335.28,13000.0
52198.797,16000.0
54936.22,19000.0
57355.25,21000.0
59423.37,24000.0
61876.383,27000.0
64046.113,30000.0
64781.43,34000.0
65416.008,37000.0
66375.68,40000.0
66169.336,45000.0
65018.125,39200.0
63677.38,34900.0
62073.996,31200.0
60167.727,30700.0
58022.555,30200.0
55953.105,28100.0
53634.53,27400.0
51002.312,26300.0
48172.465,23900.0
45816.164,22800.0
43660.703,21900.0
42169.863,21400.0
40066.55,21400.0
37741.81,21700.0
36612.504,21600.0
35810.74,21100.0
35041.363,20500.0
34494.145,20200.0
34174.414,20200.0
34218.86,20000.0
34531.855,19700.0
33575.652,19800.0
32410.125,20100.0
31709.447,20900.0
31441.883,21800.0
31618.266,22700.0
32220.455,23900.0
32243.172,25800.0
32581.842,29700.0
34244.605,35000.0
37968.418,43300.0
45753.938,52600.0
52918.938,53700.0
56210.22,54600.0
60262.633,47800.0
65217.11,39900.0
65235.03,37700.0
63521.93,41200.0
62255.22,43800.0
60993.816,44300.0
61306.637,47600.0
69146.93,48300.0
77972.93,47600.0
80984.98,49800.0
82767.37,53600.0
85831.15,56000.0
95692.22,59700.0
103378.17,67900.0
100176.41,70800.0
105048.41,65800.0
106319.31,62700.0
103670.69,59300.0
101846.22,54700.0
106381.78,52500.0
114042.086,53000.0
109295.06,53900.0
102801.234,55300.0
99490.29,56500.0
97749.62,58900.0
97862.28,61300.0
99284.766,61800.0
98825.164,61500.0
101071.66,61000.0
107900.195,59400.0
116101.99,59600.0
109238.305,61500.0
100266.07,61600.0
100700.8,65600.0
108428.44,72100.0
115618.53,74900.0
118467.89,75300.0
123225.53,75300.0
116339.586,71500.0
114632.76,68900.0
111184.914,63900.0
115276.914,58300.0
120387.73,57300.0
118856.28,57600.0
119475.82,55900.0
126928.75,53100.0
124643.125,50900.0
114301.23,49400.0
101705.46,47600.0
96340.914,47000.0
88049.13,47800.0
84036.22,49300.0
87490.6,56100.0
88294.46,63100.0
88020.16,68300.0
87283.234,68000.0
84579.16,64300.0
81453.03,60600.0
78571.3,59600.0
80529.74,58900.0
80769.58,58700.0
83426.73,59000.0
80028.305,56200.0
69072.25,54000.0
62385.445,53500.0
58806.145,53800.0
57144.133,52000.0
62647.234,49100.0
68526.516,47000.0
62241.1,46500.0
52347.816,44900.0
49792.03,42700.0
56982.22,41400.0
52473.895,41400.0
41729.117,41600.0
38575.95,41900.0
38518.4,42300.0
39233.203,43800.0
36794.22,44300.0
37495.266,44100.0
36332.15,42600.0
34674.99,41400.0
33692.496,42200.0
32544.68,42200.0
32335.613,40200.0
34094.504,38700.0
34535.48,38100.0
30705.303,37500.0
29156.785,38500.0
30354.402,40400.0
30236.996,40100.0
29121.918,38600.0
28919.16,36500.0
26595.523,36400.0
26590.033,36800.0
30711.516,36700.0
36312.137,35600.0
47845.88,34600.0
46540.234,34800.0
41458.504,34200.0
44121.453,32400.0
50487.918,30600.0
62895.195,29100.0
61917.098,28000.0
58616.16,26800.0
62721.246,25700.0
58911.832,24900.0
53299.074,24200.0
41022.395,23400.0
35514.605,25000.0
33131.977,27900.0
34391.535,29300.0
51594.37,29600.0
65726.08,37700.0
65374.016,59000.0
95114.305,69000.0
164255.8,60000.0
230871.1,52000.0
225690.64,44000.0
160758.22,39000.0
138896.11,35000.0
164864.4,33000.0
155856.9,31000.0
116222.68,29000.0
91455.37,27500.0
71516.945,26600.0
58892.277,25300.0
52556.85,24300.0
47998.75,24000.0
45024.562,24900.0
44024.85,28900.0
46716.598,33000.0
48996.117,31000.0
49321.266,29100.0
52043.477,25700.0
63999.293,25000.0
88662.55,23500.0
106327.164,22500.0
76109.63,21500.0
63264.78,20500.0
56748.24,19200.0
47430.594,18000.0
42622.75,17000.0
39996.96,15000.0
38074.242,13200.0
36218.188,12700.0
34583.65,12200.0
33008.12,12500.0
31729.383,13100.0
30706.904,13400.0
29665.137,13600.0
28804.92,13700.0
27964.883,13800.0
26982.346,13600.0
26170.781,13300.0
25668.217,13000.0
25232.295,12900.0
24706.768,12700.0
24030.543,12500.0
23190.258,12200.0
22303.098,11800.0
21537.914,11300.0
20980.986,11000.0
20521.572,10900.0
19975.479,10900.0
19442.283,10800.0
19081.527,10800.0
18788.87,10800.0
18399.621,10700.0
18121.46,10600.0
17914.977,10500.0
17656.367,10300.0
17388.688,10000.0
17056.348,9900.0
16728.096,9700.0
16303.013,9500.0
15858.432,9400.0
15484.37,9300.0
15079.659,9200.0
14756.717,8900.0
14534.119,8800.0
14296.917,8400.0
14011.686,8200.0
13747.115,8000.0
13525.19,7800.0
13216.513,7600.0
12794.067,7400.0
12407.42,7200.0
12169.074,7100.0
11987.444,7000.0
11795.59,6900.0
11644.868,6800.0
11546.002,6700.0
11450.246,6600.0
11367.761,6500.0
11306.338,6400.0
11279.15,6400.0
11253.642,6300.0
11190.181,6300.0
11192.015,6300.0
11084.502,6300.0
10920.349,6300.0
10762.678,6300.0
10636.532,6200.0
10515.159,6200.0
10331.528,6200.0
10139.059,6200.0
9963.893,6200.0
9789.579,6200.0
9601.394,6200.0
9395.45,6200.0
9159.586,6200.0
8892.355,6200.0
8591.049,6300.0
8386.609,6300.0
8352.484,6300.0
8400.143,6400.0
8407.2,6400.0
8079.9194,6500.0
8014.4155,6500.0
8171.6235,6500.0
8387.122,6500.0
8577.169,6600.0
8413.005,6600.0
8252.8545,6600.0
8172.2285,6700.0
8092.5337,6700.0
8010.427,6700.0
8160.822,6800.0
9048.531,6800.0
10771.694,6800.0
14768.639,6900.0
21664.547,6900.0
25091.182,6900.0
28429.46,7000.0
29233.09,7000.0
33928.86,7000.0
45782.47,7100.0
36332.027,7100.0
28176.748,7100.0
25944.91,7100.0
25020.502,7100.0
24363.316,7100.0
23710.223,7100.0
23009.56,7100.0
22372.896,7100.0
21846.729,7100.0
21401.816,7100.0
21398.803,7100.0
21248.234,7100.0
20643.82,7100.0
20010.197,7100.0
19579.688,7100.0
19357.932,7100.0
19053.68,7100.0
18597.514,7100.0
18277.512,7100.0
18061.076,7100.0
18337.496,7100.0
18173.496,7100.0
17198.873,7100.0
16320.262,7100.0
15730.723,7100.0
15745.329,7000.0
15708.323,7000.0
14923.302,7000.0
14406.341,7000.0
14058.897,6900.0
13801.682,6900.0
13531.237,6900.0
13248.375,6800.0
12994.421,6800.0
12704.188,6800.0
12429.573,6800.0
12180.689,6800.0
11917.645,6700.0
11664.075,6700.0
11443.935,6700.0
11172.532,6700.0
10925.752,6700.0
10829.437,6700.0
10907.663,6600.0
11347.854,6600.0
12365.584,6600.0
14152.228,6600.0
14214.71,6500.0
13185.287,6500.0
12137.683,6500.0
11819.95,6500.0
12513.656,6500.0
13412.813,6500.0
12953.52,6500.0
12237.2,6500.0
11988.14,6400.0
11911.612,6400.0
11746.681,6400.0
11623.771,6400.0
11819.278,6400.0
11941.836,6400.0
12128.565,6400.0
12076.953,6400.0
12599.224,6400.0
12655.358,6400.0
12851.055,6400.0
14917.628,6400.0
18440.635,6400.0
22628.729,6400.0
23496.56,6400.0
20797.28,6400.0
19855.348,6400.0
20727.164,6400.0
21893.928,6400.0
22549.094,6400.0
22275.086,6400.0
22717.814,6400.0
24394.203,6400.0
26315.549,6400.0
30157.047,6400.0
30921.69,6400.0
29153.69,6400.0
28653.424,6400.0
29650.545,6400.0
31423.693,6400.0
32411.422,6400.0
33597.707,6500.0
34642.19,6500.0
35192.703,6500.0
35263.758,6600.0
36085.977,6600.0
37195.066,6700.0
38077.285,6700.0
38851.48,6800.0
39099.293,6800.0
38622.055,6900.0
38361.3,6900.0
38180.1,7000.0
38027.453,7100.0
37729.277,7200.0
36617.69,7300.0
36157.184,7500.0
37528.668,7700.0
40954.395,7800.0
42823.47,8000.0
42848.11,8200.0
43579.406,8500.0
45381.562,9200.0
48858.95,10000.0
54874.902,11000.0
55763.71,13000.0
55674.59,15000.0
58132.098,17000.0
62007.867,20000.0
64242.066,25000.0
64936.055,28000.0
68292.75,30000.0
72730.84,28000.0
66557.695,26000.0
61010.094,29000.0
57835.168,31500.0
56153.38,42500.0
55562.26,53200.0
56624.914,65300.0
59277.664,74100.0
64005.098,80500.0
69175.37,88400.0
72836.805,89900.0
77641.35,88200.0
85387.08,88600.0
89765.48,88100.0
92510.94,80100.0
91681.41,75600.0
93748.055,74600.0
95944.555,78200.0
94079.97,75300.0
89458.875,67000.0
82223.24,63100.0
78131.5,60400.0
77093.6,58100.0
70468.87,55600.0
63789.773,51900.0
61904.938,49200.0
61547.91,49200.0
62094.555,51300.0
64174.496,55400.0
65302.566,60300.0
65360.707,61700.0
66385.66,60200.0
64936.27,58600.0
63343.645,58000.0
59216.594,56700.0
57376.055,53300.0
58907.504,52700.0
58265.73,55900.0
55522.363,60500.0
54562.402,62900.0
58098.984,63600.0
59215.72,63100.0
55016.41,64100.0
60729.008,62800.0
72034.336,59200.0
69664.695,55100.0
63107.426,52300.0
60588.934,50900.0
54542.81,50700.0
43693.83,50500.0
40671.906,49700.0
39230.36,49900.0
34709.97,51200.0
27323.562,50900.0
26748.31,49100.0
27332.387,48000.0
31757.63,47700.0
38680.793,48400.0
31862.408,49600.0
28954.348,52800.0
28158.059,56700.0
28547.89,61700.0
29114.727,65200.0
32809.12,65100.0
34074.652,62800.0
32368.348,62200.0
31699.07,62700.0
33357.38,64100.0
37689.062,63200.0
36949.723,62800.0
31877.299,64900.0
27245.043,66600.0
26805.24,66900.0
27532.584,67300.0
31493.113,67600.0
30630.904,67700.0
28123.457,67300.0
28860.293,64800.0
30076.012,62300.0
28086.723,61200.0
28209.143,60700.0
27645.48,59500.0
25388.102,58600.0
26656.951,60900.0
28001.373,63000.0
29967.934,62000.0
30078.451,60800.0
24600.727,59700.0
21003.986,58600.0
23824.605,58500.0
42447.5,59200.0
46618.934,62500.0
35565.18,63500.0
28696.562,65200.0
25354.516,65300.0
30741.764,65100.0
35661.477,62200.0
34775.17,57500.0
32506.277,49900.0
30807.512,44200.0
33211.94,41800.0
33750.652,41200.0
23169.902,42600.0
24544.424,42600.0
30849.287,41600.0
24071.049,41400.0
19662.256,44300.0
19805.062,50700.0
25882.332,53200.0
37291.08,52400.0
40521.523,51600.0
36366.223,54000.0
35200.18,53500.0
49188.004,52200.0
82302.375,53800.0
90889.734,53500.0
77629.91,51600.0
81981.48,47300.0
105526.74,43100.0
84245.836,40000.0
62838.49,37000.0
52584.164,34400.0
52132.832,32200.0
48952.164,30300.0
39323.293,28500.0
34685.49,27200.0
33214.117,25800.0
32141.295,24900.0
32112.541,24900.0
33207.973,25100.0
34419.14,25000.0
36948.652,24700.0
43373.582,24400.0
45988.81,23700.0
44738.78,23100.0
44225.4,22500.0
46648.305,22000.0
49344.19,21600.0
46950.367,21100.0
46252.785,20700.0
45849.02,20300.0
45163.797,20000.0
44539.938,20000.0
44784.46,19800.0
48155.074,19400.0
49757.92,19100.0
48808.125,19200.0
47978.723,19200.0
48326.254,19000.0
52081.375,19000.0
58279.938,19200.0
57300.45,19400.0
62469.91,19600.0
69745.84,19500.0
81198.81,19000.0
88796.57,18300.0
82495.83,17600.0
76348.86,16100.0
70544.69,16000.0
66810.38,15900.0
63426.645,15900.0
57918.938,16700.0
51700.844,17700.0
57573.336,17600.0
77292.19,17200.0
84220.58,16300.0
80897.53,15500.0
75631.88,14000.0
73268.55,13300.0
84996.63,11200.0
76024.266,10000.0
61454.15,9500.0
53992.086,9000.0
49760.344,9600.0
47604.52,10000.0
45997.234,11000.0
45840.348,11600.0
46113.035,11700.0
46288.074,11500.0
46508.25,11400.0
48459.895,11300.0
49335.43,11100.0
48522.91,10900.0
48107.59,10800.0
48036.438,10400.0
47335.547,10100.0
45654.22,9900.0
44022.645,9900.0
42622.04,9800.0
41702.934,9800.0
40467.12,9700.0
38833.21,9700.0
37176.383,9600.0
35698.324,9600.0
35172.75,9500.0
34514.008,9400.0
32978.797,9300.0
31803.938,9200.0
30802.89,9200.0
29949.035,9100.0
29189.22,9100.0
28638.068,9000.0
28171.371,9000.0
27605.441,9000.0
27205.44,9000.0
26818.578,9000.0
26401.498,9000.0
26030.447,8900.0
25655.746,8900.0
25174.754,8900.0
24548.074,8900.0
23894.398,8900.0
23331.143,8900.0
22858.01,8900.0
22385.121,8900.0
21966.111,8900.0
21564.908,8800.0
21114.293,8800.0
20681.424,8800.0
20235.873,8800.0
19774.854,8800.0
19296.77,8800.0
18826.121,8800.0
18428.822,8800.0
18077.367,8700.0
17756.361,8700.0
17456.459,8700.0
17130.324,8700.0
16782.93,8700.0
16456.223,8700.0
16077.817,8700.0
15758.972,8700.0
15394.001,8700.0
15015.012,8700.0
14606.916,8700.0
14223.001,8600.0
13891.044,8600.0
13682.042,8600.0
13534.519,8600.0
13353.001,8700.0
13147.877,8700.0
12955.925,8700.0
12923.137,8700.0
13297.301,8700.0
14187.3,8700.0
15628.593,8700.0
15109.178,8700.0
14897.073,8700.0
15973.051,8700.0
18418.338,8800.0
23732.213,9000.0
35611.332,9400.0
51634.008,9600.0
60327.88,9500.0
67308.4,9300.0
75160.234,9000.0
100327.34,8900.0
131942.11,8800.0
122510.87,8700.0
88910.33,8700.0
73915.35,8600.0
65830.34,8600.0
59739.8,8500.0
55248.867,8500.0
51718.363,8400.0
48652.598,8400.0
46071.652,8300.0
43936.85,8300.0
41952.297,8200.0
39829.113,8200.0
37900.516,8100.0
36553.113,8100.0
35563.188,8000.0
34580.55,8000.0
33510.066,7900.0
32422.664,7900.0
31236.309,7900.0
30018.156,7800.0
28938.328,7800.0
27869.74,7800.0
26739.896,7700.0
25628.643,7700.0
24824.395,7700.0
24748.678,7600.0
25312.688,7600.0
25428.863,7600.0
24776.21,7600.0
23778.34,7500.0
23205.416,7500.0
23168.56,7500.0
23679.914,7500.0
24260.22,7400.0
23972.98,7400.0
23440.646,7400.0
22703.795,7400.0
22097.393,7300.0
22166.87,7300.0
22559.314,7300.0
22790.959,7300.0
22388.107,7300.0
22210.393,7200.0
22853.344,7200.0
24252.63,7200.0
24835.404,7200.0
24565.06,7200.0
23835.588,7200.0
23014.697,7200.0
22410.822,7200.0
22647.877,7200.0
23001.475,7100.0
22821.955,7100.0
22518.404,7100.0
22828.52,7100.0
23216.88,7100.0
23351.12,7100.0
23279.316,7100.0
23162.906,7100.0
22940.5,7100.0
22907.633,7200.0
23212.201,7200.0
23595.473,7200.0
24066.541,7200.0
24542.453,7200.0
24062.635,7200.0
23454.18,7200.0
23083.965,7200.0
22635.223,7300.0
22450.934,7300.0
22879.598,7300.0
23516.658,7400.0
23855.262,7600.0
23174.838,8000.0
21907.686,9000.0
21101.867,12000.0
21340.887,14000.0
21797.316,17000.0
22107.205,20000.0
22651.238,22000.0
22630.71,25500.0
22910.98,28100.0
23488.762,28500.0
23486.738,31000.0
23464.693,34000.0
23953.145,40200.0
23927.697,35400.0
23515.623,29600.0
23143.139,29600.0
23281.957,31000.0
22674.455,33900.0
21954.008,38100.0
22503.354,41400.0
24650.967,41600.0
25978.588,39100.0
26693.924,37600.0
27609.43,37600.0
28669.475,34800.0
28008.936,32200.0
27747.594,30600.0
27540.998,30200.0
26596.1,29300.0
26527.918,28400.0
29468.572,27600.0
31397.723,28800.0
27963.568,29900.0
28077.746,30100.0
29962.264,28400.0
31745.473,26300.0
29843.672,24900.0
23733.732,24300.0
22292.92,23700.0
24109.35,23500.0
24150.11,23500.0
19382.475,23800.0
16892.426,24500.0
17256.018,25100.0
18701.205,26000.0
20245.477,27500.0
21804.201,27500.0
26054.906,27300.0
32154.205,27000.0
30408.71,28400.0
25637.113,30000.0
23536.96,30500.0
25248.86,31400.0
25375.434,32400.0
22492.984,32500.0
21892.582,33500.0
23530.547,34100.0
26161.883,33900.0
27882.29,32900.0
25321.283,32800.0
23649.91,35900.0
24862.818,38800.0
26807.092,40500.0
30192.945,44700.0
41494.625,55600.0
48028.93,69800.0
56355.535,73200.0
65933.18,66900.0
71041.96,63400.0
71004.53,59700.0
66937.96,64500.0
59333.145,77700.0
54144.96,83500.0
51290.81,76800.0
54560.684,69800.0
52836.555,68000.0
49542.72,79900.0
48056.06,97700.0
56787.766,101000.0
80388.984,96000.0
87769.45,87600.0
80212.23,83100.0
79118.32,82500.0
79544.8,80400.0
78585.12,77200.0
71730.76,74400.0
67940.05,74700.0
66385.664,73700.0
66362.17,72600.0
68524.37,71600.0
70300.65,69600.0
67471.6,69000.0
65189.633,70200.0
68517.305,69300.0
80638.2,68600.0
76545.63,67100.0
66001.41,64600.0
56523.555,61800.0
51274.97,60800.0
50191.305,60900.0
53915.957,61800.0
57439.96,59600.0
57450.86,55700.0
56919.863,53400.0
50286.824,51900.0
48668.027,51800.0
52782.84,52400.0
53635.363,54900.0
53245.754,58400.0
51505.7,63000.0
53912.82,66400.0
57158.45,65700.0
61180.363,65900.0
70424.31,64400.0
70220.44,61900.0
67100.11,60100.0
69766.21,57400.0
74156.06,55600.0
78727.38,55300.0
73693.39,56100.0
62498.914,56400.0
59234.89,56700.0
57473.4,57300.0
59571.01,56200.0
63012.414,54900.0
70345.02,55100.0
63625.098,55100.0
58639.293,53800.0
65331.79,52200.0
66020.22,50900.0
57416.164,49600.0
56671.4,47800.0
52799.098,47600.0
45755.293,47700.0
44183.723,47400.0
45773.08,47200.0
43088.46,45400.0
42138.258,42800.0
44300.133,44000.0
49028.258,47200.0
48428.15,49000.0
45699.39,48400.0
48038.395,45200.0
49643.09,41500.0
47655.02,38900.0
42812.39,37000.0
41378.3,35600.0
43783.285,34900.0
46079.445,34800.0
39435.89,34500.0
38068.098,34500.0
41284.938,36700.0
38284.438,41600.0
39858.9,44400.0
47229.16,43300.0
44794.01,40900.0
39743.926,39300.0
41186.406,39200.0
62653.152,39300.0
76852.734,37900.0
73228.24,35900.0
52310.598,33200.0
39077.688,31400.0
36031.32,30100.0
35732.836,28800.0
34938.098,27700.0
32647.998,27000.0
31805.365,26300.0
30928.973,25800.0
30833.47,25600.0
30496.766,25400.0
29917.162,24900.0
29971.38,24100.0
29855.75,22700.0
29037.81,22400.0
28504.781,22000.0
28461.236,21000.0
28489.166,20600.0
28176.365,20800.0
28171.592,20800.0
30428.963,20500.0
36041.36,20000.0
37874.29,19500.0
35344.03,18700.0
34366.242,18700.0
36216.43,18300.0
37869.914,17800.0
35446.664,17500.0
32723.373,17400.0
31458.904,17500.0
30689.592,17800.0
30044.678,17800.0
29180.479,17100.0
28246.404,15500.0
27355.684,13900.0
26500.674,12900.0
25801.043,12000.0
25165.504,11200.0
24527.795,10500.0
23853.15,10200.0
23155.41,10000.0
22520.95,10000.0
21998.668,9900.0
21523.182,9800.0
21136.467,9700.0
20780.326,9800.0
20458.729,10000.0
20180.605,10400.0
19877.047,10700.0
19548.738,10800.0
19237.926,10700.0
18977.67,10500.0
18762.578,10300.0
18563.707,10200.0
18304.35,10100.0
17966.238,10000.0
17652.803,9900.0
17479.45,9800.0
17462.69,9600.0
17241.895,9500.0
16891.014,9300.0
16400.87,9200.0
15954.654,9000.0
15744.308,8900.0
15507.222,8700.0
15335.219,8600.0
14608.925,8500.0
14056.288,8400.0
13670.666,8300.0
13368.305,8200.0
13060.714,8100.0
12799.333,8100.0
12545.419,8100.0
12622.27,8000.0
12194.203,8000.0
11724.942,8000.0
11436.884,7900.0
11228.6,7900.0
11062.976,7900.0
10960.053,7900.0
10836.055,7800.0
10675.084,7800.0
10391.746,7800.0
10240.097,7800.0
10331.928,7700.0
10945.371,7700.0
11209.55,7700.0
10506.489,7700.0
9937.336,7600.0
9737.232,7600.0
9737.279,7600.0
9774.668,7600.0
9497.7,7500.0
9297.062,7500.0
9122.906,7500.0
8904.348,7500.0
8668.189,7500.0
8586.175,7500.0
8828.319,7400.0
10413.6875,7400.0
12337.535,7400.0
14153.5,7400.0
14478.556,7400.0
11786.602,7400.0
9706.33,7300.0
9266.084,7300.0
10190.214,7300.0
10954.079,7300.0
10031.647,7300.0
10257.812,7300.0
11462.378,7400.0
11108.382,7500.0
10365.009,7600.0
11248.197,7600.0
12659.983,7700.0
16608.658,7800.0
17503.797,7800.0
14857.565,7700.0
13161.052,7600.0
11977.936,7500.0
12642.53,7500.0
12002.839,7400.0
11450.899,7400.0
10864.835,7400.0
10469.046,7400.0
10372.538,7300.0
10279.214,7300.0
10032.88,7300.0
9685.435,7300.0
9373.818,7190.0
9145.814,7200.0
8885.035,7200.0
8594.944,7200.0
8310.808,7100.0
8005.9194,7100.0
7667.087,7100.0
7325.716,7100.0
7024.125,7000.0
6780.6035,7000.0
6570.295,7000.0
6368.3735,7000.0
6163.1333,7000.0
5985.391,7000.0
5838.774,7000.0
5710.186,7000.0
5777.98,7000.0
6144.1016,7000.0
9777.894,7100.0
15689.02,7100.0
20868.16,7100.0
17659.305,7100.0
12093.003,7100.0
13390.687,7100.0
20331.615,7200.0
29735.918,7200.0
35593.047,7200.0
37304.39,7200.0
28882.906,7200.0
21973.238,7200.0
27705.428,7300.0
37359.57,7300.0
32166.922,7300.0
24044.863,7300.0
21879.23,7300.0
23338.957,7300.0
25019.81,7400.0
24775.12,7400.0
24050.41,7400.0
24251.846,7400.0
22112.13,7400.0
20078.299,7400.0
18382.861,7400.0
16903.867,7400.0
15854.556,7400.0
15527.892,7400.0
16165.346,7500.0
17177.59,7500.0
19158.57,7600.0
22330.738,7600.0
25792.111,7700.0
26572.41,7700.0
24906.158,7700.0
23467.797,7800.0
22676.684,7800.0
21622.402,7800.0
20477.111,7900.0
19548.791,7900.0
18831.498,7900.0
18191.035,8000.0
17431.81,8000.0
17104.963,8000.0
16914.139,8000.0
16727.406,8100.0
16923.049,8100.0
17615.436,8100.0
17732.791,8100.0
17870.848,8100.0
18424.12,8200.0
18355.477,8200.0
17807.518,8200.0
16687.043,8200.0
15720.179,8200.0
15806.068,8300.0
17195.094,8300.0
16540.5,8400.0
14966.543,8400.0
14449.921,8500.0
14394.691,8700.0
14207.848,9000.0
13628.93,9500.0
13808.404,10300.0
14104.536,10500.0
14599.416,11000.0
13757.809,11500.0
13016.536,13000.0
13182.567,15000.0
13227.999,17600.0
12936.699,19100.0
13929.943,20200.0
18287.15,21500.0
19301.201,22100.0
17462.344,22600.0
16896.83,22400.0
16689.285,23000.0
16065.065,24300.0
15545.994,24200.0
15843.882,25000.0
16730.512,26100.0
17739.55,28900.0
17595.928,31700.0
17789.094,33600.0
19050.89,32100.0
20370.719,30500.0
19885.432,30900.0
19493.867,32100.0
21583.676,32900.0
26057.982,32200.0
24947.44,31100.0
24013.365,30300.0
24682.7,30100.0
26381.781,30400.0
29462.078,30500.0
32511.568,31500.0
34680.51,33100.0
37998.082,34300.0
42891.848,35900.0
46618.754,37600.0
48933.684,37500.0
50182.44,38900.0
53460.906,39100.0
54527.848,39700.0
53405.176,39000.0
54398.02,37300.0
52108.34,36500.0
45948.87,37100.0
41352.402,36600.0
42206.887,33900.0
42546.445,31400.0
38560.26,29500.0
31521.9,28100.0
25817.434,27100.0
24657.23,26200.0
23207.1,25700.0
20677.309,25000.0
15873.146,24400.0
13753.83,24500.0
12717.366,25600.0
13619.982,27400.0
17606.871,29200.0
20430.438,30300.0
21133.283,31500.0
20562.746,33200.0
20537.191,35400.0
24263.17,37400.0
32832.035,40700.0
37230.6,43200.0
35670.03,45500.0
34651.355,47400.0
38666.22,48800.0
47704.156,50700.0
47054.445,50900.0
37774.156,53000.0
33861.047,60100.0
35843.37,62300.0
38594.93,59900.0
39594.98,54800.0
31823.62,53100.0
27315.75,54200.0
27661.516,56600.0
27029.236,56700.0
26443.984,53700.0
24457.307,52300.0
24157.783,52300.0
24671.39,52600.0
26667.385,55200.0
37670.44,56900.0
43521.918,56900.0
44126.863,56700.0
44186.285,59300.0
39811.086,61200.0
40263.7,59100.0
47464.66,58500.0
48358.562,57300.0
39791.383,56100.0
35278.434,55400.0
47081.91,55000.0
50651.355,55300.0
41341.504,59700.0
44798.984,60900.0
43467.004,60500.0
37996.867,60400.0
37877.06,58700.0
42117.01,57200.0
43360.934,56700.0
38889.676,56500.0
36766.23,54900.0
34405.484,56100.0
34457.156,58100.0
36818.094,58200.0
39294.297,55500.0
40925.79,54400.0
36122.805,57700.0
32636.088,58000.0
35254.51,53400.0
41388.684,49500.0
39483.523,47500.0
35648.29,46900.0
30983.035,46600.0
31324.797,46100.0
39180.07,47300.0
40907.406,49600.0
31728.023,49600.0
32677.25,48100.0
34671.742,47500.0
33207.28,49000.0
34978.89,50700.0
41600.062,50400.0
71128.14,54100.0
73935.08,60300.0
64520.01,66100.0
68728.98,66300.0
76912.266,61200.0
77423.24,55700.0
73015.914,51600.0
69087.08,48000.0
69475.055,45100.0
70489.15,42900.0
63424.125,41200.0
56083.832,40000.0
52432.086,38900.0
49144.97,37900.0
45230.31,37400.0
42348.938,37600.0
40657.58,37300.0
44286.418,36800.0
48567.227,36300.0
44850.855,35500.0
42412.45,35800.0
42420.062,36900.0
42453.47,36800.0
46669.258,35800.0
45716.004,34600.0
43242.496,33200.0
41699.297,32000.0
40473.527,30700.0
39244.344,29500.0
38019.27,28400.0
37395.14,27700.0
37291.297,27000.0
36628.047,27300.0
36680.72,29500.0
37471.824,32200.0
40304.867,34600.0
53588.684,35000.0
74352.6,33400.0
79331.6,32300.0
82197.84,32200.0
85924.43,32400.0
104600.35,32200.0
123099.38,31200.0
113883.914,29900.0
90127.24,28800.0
80820.375,27800.0
76246.15,26600.0
72481.24,25300.0
69468.93,24400.0
67006.36,23600.0
64535.383,22900.0
63128.938,22300.0
61658.156,22400.0
58648.766,22700.0
55923.03,22700.0
55308.723,22200.0
55529.95,21700.0
54843.08,21100.0
54128.465,20700.0
56285.785,20000.0
62116.062,19500.0
57070.504,19100.0
51578.105,18800.0
49196.8,18200.0
47627.996,18000.0
46058.633,17900.0
44590.203,16900.0
43389.246,13900.0
42370.105,13500.0
41479.8,13200.0
40578.867,12900.0
39703.855,12700.0
38738.555,12400.0
37737.734,12100.0
36645.773,11800.0
35441.25,11400.0
34284.418,11100.0
33228.363,10800.0
32158.59,10500.0
30927.365,10200.0
29684.334,9800.0
28562.74,9600.0
27529.07,9400.0
26568.434,9200.0
25705.768,9400.0
24857.346,9600.0
24007.445,9800.0
23305.824,10000.0
22755.568,10300.0
22383.37,10600.0
22154.191,10800.0
21860.941,11000.0
22016.799,11100.0
22422.234,11000.0
23327.354,10800.0
24708.832,10600.0
26772.473,10400.0
28546.018,10200.0
30046.244,10100.0
31120.182,10000.0
31641.795,9800.0
31063.889,9600.0
30028.703,9500.0
29114.578,9300.0
28155.69,9200.0
27111.95,9100.0
26223.707,9000.0
25447.293,8900.0
24835.926,8800.0
24238.922,8700.0
23622.402,8700.0
22903.803,8600.0
22154.742,8600.0
21421.979,8500.0
20712.959,8500.0
20134.203,8500.0
19632.904,8500.0
19113.34,8400.0
18628.035,8400.0
18128.266,8400.0
17611.178,8400.0
17060.008,8400.0
16586.143,8400.0
16124.495,8300.0
15703.393,8300.0
15456.93,8300.0
15436.76,8300.0
15782.419,8300.0
16282.977,8300.0
16410.883,8200.0
16634.533,8200.0
17142.701,8200.0
17602.396,8200.0
18272.936,8200.0
19298.299,8200.0
20766.824,8200.0
20007.223,8200.0
19475.588,8200.0
19181.031,8200.0
18962.393,8100.0
18713.387,8100.0
18533.133,8100.0
18296.574,8000.0
17962.984,8000.0
17652.992,8000.0
17415.361,7900.0
17274.117,7900.0
16923.848,7900.0
16563.988,7800.0
16265.608,7800.0
15953.858,7800.0
15668.432,7700.0
15418.78,7700.0
15196.032,7700.0
14961.548,7600.0
14676.513,7600.0
14435.153,7600.0
14344.819,7600.0
14105.614,7600.0
13649.478,7600.0
13290.281,7600.0
13055.793,7500.0
12829.355,7500.0
12622.238,7500.0
12384.631,7500.0
12137.8955,7500.0
11893.015,7500.0
11616.689,7500.0
11348.437,7400.0
11156.271,7400.0
10897.19,7400.0
10766.323,7400.0
10806.824,7400.0
10675.3545,7400.0
10483.148,7400.0
10060.192,7300.0
9768.401,7300.0
9614.502,7300.0
9450.522,7300.0
9291.232,7300.0
9300.288,7300.0
9705.405,7300.0
10270.758,7300.0
9890.805,7200.0
9680.942,7200.0
10036.466,7200.0
10495.452,7200.0
11500.147,7200.0
11788.282,7200.0
12041.919,7300.0
13210.883,7300.0
13249.393,7300.0
12772.011,7300.0
12934.723,7300.0
13012.978,7300.0
12595.924,7400.0
12279.614,7400.0
12235.941,7400.0
12204.542,7400.0
12332.505,7400.0
12693.61,7400.0
13173.228,7400.0
13919.714,7500.0
14649.451,7500.0
14981.313,7500.0
15113.432,7500.0
15037.59,7600.0
14753.649,7600.0
14921.381,7600.0
16007.59,7600.0
16386.885,7700.0
16249.333,7700.0
16299.283,7700.0
16306.932,7700.0
16506.31,7800.0
17315.46,7800.0
18209.139,7800.0
17941.578,7900.0
18400.1,7900.0
19207.734,8000.0
19803.05,8100.0
21214.215,8200.0
23723.375,8400.0
26944.973,8700.0
29555.072,9100.0
30898.883,9500.0
31482.984,10000.0
31510.756,10600.0
31382.342,11400.0
31360.371,12100.0
30888.479,12800.0
30510.508,13600.0
30112.463,14200.0
29844.15,14900.0
29650.11,15600.0
29189.9,16300.0
28508.268,17000.0
27460.734,17400.0
26733.256,17800.0
26294.414,17600.0
25572.424,17300.0
25358.709,17000.0
25613.91,16800.0
25302.832,17900.0
25532.066,19100.0
26738.246,20800.0
28367.354,21300.0
30412.785,21300.0
32236.938,21300.0
33581.316,20700.0
33497.28,20300.0
31471.834,20200.0
31027.53,20800.0
29934.908,21600.0
28435.912,20800.0
26941.236,20100.0
25335.1,19900.0
24327.781,20100.0
23479.842,20300.0
23126.648,20700.0
23220.271,21900.0
24219.545,23700.0
25595.031,26300.0
28266.078,29600.0
32568.115,32600.0
39314.414,33700.0
45649.164,33400.0
47949.71,30800.0
48859.83,29700.0
48486.75,29900.0
49824.688,30900.0
52543.62,32300.0
56996.945,31700.0
59924.934,30300.0
54716.746,28600.0
48304.77,27500.0
43379.535,27900.0
44014.54,28300.0
43808.79,27600.0
39537.48,27100.0
35999.93,27400.0
33584.242,28300.0
34943.336,29800.0
36067.43,31100.0
37332.117,33300.0
39009.41,34400.0
40152.45,34500.0
43436.9,33800.0
43244.324,33100.0
43978.215,33700.0
44360.77,35100.0
45261.105,37400.0
48143.117,40700.0
50566.562,43900.0
46919.203,41800.0
43587.457,39500.0
43742.055,39300.0
45997.625,41300.0
46634.723,44800.0
48297.855,46700.0
54384.902,47400.0
56792.812,45300.0
59254.895,44300.0
55329.965,45300.0
51489.22,46100.0
52542.01,47500.0
55438.098,48400.0
63048.117,48400.0
55362.5,49700.0
48298.36,51900.0
46497.99,57600.0
46986.617,61600.0
48799.79,68900.0
52817.96,72700.0
51996.06,72700.0
46937.64,72500.0
48479.28,71800.0
58134.1,70700.0
79300.164,68200.0
79463.34,66700.0
67487.914,66700.0
63117.207,67200.0
68512.836,67200.0
82138.8,69000.0
80757.85,71000.0
72979.92,74900.0
72276.87,76700.0
80251.04,76400.0
84218.59,80900.0
77290.57,86100.0
73735.53,90800.0
74704.09,94400.0
78884.08,96200.0
74249.81,96100.0
69898.12,93100.0
67079.16,90400.0
65426.918,87700.0
66271.15,85900.0
70130.41,88200.0
75728.91,92200.0
83791.164,93900.0
94582.516,92000.0
108833.24,88900.0
108572.15,88100.0
108805.19,87000.0
105497.695,85100.0
97633.26,84200.0
90801.3,87200.0
85949.48,91200.0
80384.24,91500.0
82932.11,87300.0
84988.81,80100.0
77640.2,76300.0
71763.77,76000.0
68338.945,77800.0
80786.17,73400.0
91042.27,67900.0
72872.26,64700.0
58210.402,63100.0
53711.613,60400.0
67559.41,57800.0
95311.81,57300.0
74334.7,58400.0
57059.047,59900.0
50870.93,61700.0
51727.3,65500.0
56851.28,67300.0
60514.324,68300.0
61587.97,66600.0
59776.4,63900.0
59449.04,59600.0
