"","site_no","wt_year","Annual_Discharge","t_mean","pcp"
"1","15024800",1984,46525.956284153,0.0754351911704161,-0.845353828039435
"2","15024800",1985,51222.4931506849,-0.727695485178588,-0.218159920142757
"3","15024800",1986,46597.8082191781,-0.725163072570123,-0.521557655102677
"4","15024800",1987,60224.3561643836,0.482245256280941,1.77129975342088
"5","15024800",1988,62875.1366120219,0.234249035294892,0.703474535379144
"6","15024800",1989,64051.2328767123,0.0191747692982771,-1.69100025412109
"7","15024800",1990,64354.4931506849,0.583205414092583,-0.00371460732486639
"8","15024800",1991,58761.9178082192,-0.777868469778655,0.511674119863244
"9","15024800",1992,67925.5191256831,0.323544700717968,2.27037707351976
"10","15024800",1993,57240,-0.244831646704632,-0.993956671324042
"11","15024800",1994,58061.3698630137,0.366636693255148,1.9048883655005
"12","15024800",1995,50342.4657534247,0.421285653885247,-1.45199986911482
"13","15024800",1996,45153.5519125683,-0.942477698349911,-0.852464076048799
"14","15024800",1997,53523.2054794521,0.25550255157157,-1.72127187864648
"15","15024800",1998,54968.7123287671,0.918728182490709,-0.49940783398019
"16","15024800",1999,51609.8082191781,-0.39467321855223,0.650515748891564
"17","15024800",2000,56306.7759562842,0.162532786305787,1.91154264791144
"18","15024800",2001,54305.0410958904,-0.111482419296064,0.420829210513167
"19","15024800",2002,50291.1506849315,-0.78293378549214,-0.353227671153016
"20","15024800",2003,53202.0547945205,0.678154900447569,-1.08617461340295
"21","15024800",2004,56927.0491803279,0.899073675052366,-0.213232682314185
"22","15024800",2005,58952.5205479452,0.613368088777902,0.497365250024529
"23","15024800",2006,57599.9726027397,-0.0141280284824052,0.990244481795363
"24","15024800",2007,61827.6712328767,-0.66893400770819,0.5745016672545
"25","15024800",2008,48543.9890710383,-0.711551811147688,0.244599733584456
"26","15024800",2009,58973.698630137,-0.317344238583205,0.120528026256295
"27","15024800",2010,46710.4109589041,0.924763977305136,-1.21618098633157
"28","15024800",2011,57607.6164383562,-0.640340139690993,0.5433328686489
"29","15024800",2012,54953.0054644809,-0.285803452356615,0.185105854107274
"30","15024800",2013,54765.0410958904,0.387326597944937,-1.63257678962416
"31","15052500",1984,915.51912568306,0.349351200451039,-2.2466309696229
"32","15052500",1985,758.378082191781,-0.770733594408052,0.0281210710811948
"33","15052500",1986,981.78904109589,-0.52364653300287,-0.646823071419364
"34","15052500",1987,1231.47123287671,0.410950251409991,1.45261728467627
"35","15052500",1988,1176.84972677596,0.410633956878963,0.691054957132373
"36","15052500",1989,1372.09315068493,0.154159973551415,-1.49035924037712
"37","15052500",1990,1547.69863013699,0.452008439093414,0.212086297095651
"38","15052500",1991,1296.60273972603,-0.794376678278462,1.17140412034674
"39","15052500",1992,1271.1174863388,0.338918450774832,2.36182894013408
"40","15052500",1993,1213.37534246575,0.426572964081748,-0.965121013898816
"41","15052500",1994,1398.49175824176,0.362409353742583,0.896154917300576
"42","15052500",1997,1253.19178082192,0.0809032375510368,-1.18278152046518
"43","15052500",1998,1183.44657534247,0.799404691149377,-1.022557400643
"44","15052500",1999,1249.29589041096,-0.415498206526455,0.784573472560281
"45","15052500",2000,1235.03825136612,0.195165262112601,0.985760308326119
"46","15052500",2001,1166.49863013699,0.493745138734165,-0.00180963971134673
"47","15052500",2002,1184.39890410959,-0.543282173087613,-1.09253656166709
"48","15052500",2003,1437.10876712329,0.729456958536886,-0.199802471179929
"49","15052500",2004,1319.95546448087,0.92911405413308,-0.782087905187574
"50","15052500",2005,1426.73890410959,0.97433620677847,1.56153454087261
"51","15052500",2006,1357.64657534247,-0.111005941540417,1.66706639232321
"52","15052500",2007,1151.66082191781,-0.883764758219736,0.219570137084359
"53","15052500",2008,1115.41693989071,-0.877703378111538,0.602561788778338
"54","15052500",2009,1269.97835616438,-0.627360194435136,0.330878830970162
"55","15052500",2010,1104.22876712329,0.608542373269382,-1.89509012597717
"56","15052500",2011,1104.4095890411,-0.71452734819096,-0.142860773185062
"57","15052500",2012,1076.58306010929,-0.20655732801598,1.17394715251608
"58","15052500",2013,1323.11534246575,-0.258712832640029,-0.5322108099651
"59","15072000",1984,425.144808743169,-0.0389353327453144,-0.304588809609413
"60","15072000",1985,357.849315068493,-0.834703573832909,-0.721839025616646
"61","15072000",1986,346.756164383562,-0.789381914337477,-1.58308479686578
"62","15072000",1987,478.468493150685,0.402691076944271,2.22860069572926
"63","15072000",1988,493.29781420765,0.0141101983686287,1.47243756552537
"64","15072000",1989,332.471232876712,0.136423325290282,-2.87553319831689
"65","15072000",1990,444.838356164384,0.607984839131435,0.296377902229626
"66","15072000",1991,445.912328767123,-0.910106946279606,0.0790740499893818
"67","15072000",1992,559.199453551913,0.546195021023353,2.85715954005718
"68","15072000",1993,353.764383561644,0.402044274657964,-2.02157043914
"69","15072000",1994,466.980821917808,0.60599891419212,0.378666684031487
"70","15072000",1995,320.980821917808,0.413497011611859,-3.09763536353906
"71","15072000",1996,407.846994535519,-0.548361191401879,-1.33008253077666
"72","15072000",1997,424.383561643836,-0.109925188620886,-0.311008130510649
"73","15072000",1998,376.120547945205,0.727513852963845,-1.25580516954263
"74","15072000",1999,456.095890410959,-0.610552558551232,0.683056637644768
"75","15072000",2000,540.33606557377,-0.229397405435642,2.09282551705837
"76","15072000",2001,473.498630136986,-0.279211599876484,1.63502683738867
"77","15072000",2002,448.825479452055,-0.718329035242399,0.240822816888491
"78","15072000",2003,407.520547945205,0.778168251862128,-0.401473437746366
"79","15072000",2004,390.684972677596,0.83188312202692,0.0826905816793442
"80","15072000",2005,450.183835616438,0.619416406502325,1.56240120033423
"81","15072000",2006,477.34,-0.162078757335743,1.26379297673702
"82","15072000",2007,467.657534246575,-0.507345861941577,1.18163228531678
"83","15072000",2008,453.502459016393,-0.850167058284084,0.314136251807213
"84","15072000",2009,387.944109589041,-0.23071272596717,-0.0279865016539897
"85","15072000",2010,391.289315068493,0.754934910188118,-2.05666261414687
"86","15072000",2011,514.115890410959,-0.29485373745362,1.30241972704728
"87","15072000",2012,467.735245901639,-0.306083254391949,0.380048101147015
"88","15072000",2013,367.679726027397,0.579284936934709,-2.06389935314655
"89","15085100",1984,44.3434426229508,0.0386715350258688,-0.399719514076908
"90","15085100",1985,39.7679452054794,-0.736686771839029,-0.363074091697732
"91","15085100",1986,35.4693150684932,-0.704007982690301,-1.05044468007982
"92","15085100",1987,55.0476712328767,0.473794705441429,1.30656781035165
"93","15085100",1988,51.8510928961749,0.0025464164920983,1.08253898459176
"94","15085100",1989,37.418904109589,0.170654899647666,-1.41189523426195
"95","15085100",1990,40.9487671232877,0.525819730531011,-0.333340543136001
"96","15085100",1991,52.2449315068493,-0.961117906599409,0.204799555117885
"97","15085100",1992,58.2609289617486,0.43265144702875,1.64749779539804
"98","15085100",1993,43.8692602739726,0.295631755039924,-0.924941497668624
"99","15085100",1994,46.8109589041096,0.456682500015531,0.22560986119012
"100","15085100",1995,38.9561643835616,0.365989085804258,-1.67767589055002
"101","15085100",1996,47.0106557377049,-0.505284312595095,-0.607691603526473
"102","15085100",1997,46.998904109589,-0.0384870998354421,-0.352139977241555
"103","15085100",1998,48.9734246575342,0.104213135213488,-0.553445664669076
"104","15085100",1999,59.1660273972603,-0.623317657142049,0.363732260838151
"105","15085100",2000,63.0390710382514,-0.221728189641403,1.23128472007811
"106","15085100",2001,57.9408219178082,-0.168726944157647,0.885923864816626
"107","15085100",2002,42.3380273972603,-0.648426891097592,-0.396590458974242
"108","15085100",2003,51.207095890411,0.886212176850274,-0.191122887159387
"109","15085100",2004,43.4898907103825,0.958418445558184,0.142989647760987
"110","15085100",2005,41.7174794520548,0.743786470861071,0.554099721089005
"111","15085100",2006,45.9724109589041,-0.0820406508735481,0.850474975878994
"112","15085100",2007,53.374301369863,-0.338643457223143,0.530655058597525
"113","15085100",2008,50.6919398907104,-0.815782136697735,-0.0269411580016214
"114","15085100",2009,46.8592054794521,-0.131253419547445,-0.647735543673237
"115","15085100",2010,58.7243835616438,0.650756450266474,-1.28230296336114
"116","15085100",2011,53.9262739726027,-0.269853465983437,1.1342514578253
"117","15085100",2012,50.8363114754098,-0.425674130622711,0.932794295127193
"118","15085100",2013,35.91,0.565202262769971,-0.874158300583561
"119","15238648",1985,62.7156164383562,-0.305196799493084,-0.238465586304665
"120","15238648",1986,16.1245479452055,-0.51381344612067,-0.7623389651378
"121","15238648",1987,55.2585205479452,0.969964372459799,1.86346287131309
"122","15238648",1988,8.43825136612022,0.358266504947096,1.06114445726077
"123","15238648",1989,96.8490684931507,-0.517047745641321,-0.731430926918983
"124","15238648",1990,31.8309589041096,-0.34147546455885,-0.307569254438083
"125","15238648",1991,1.07104109589041,-0.735925687011332,-0.73417862902085
"126","15238648",1992,1.79863387978142,-1.02906371420249,-0.6416755904754
"127","15238648",1993,2.59468493150685,1.00678875281786,0.168253601590792
"128","15238648",1994,4.43232876712329,0.5642205599385,-0.205716663599014
"129","15238648",1995,2.90657534246575,-0.495523361023516,0.809140623609225
"130","15238648",1996,3.09065573770492,-0.0897324757340057,-1.66494849473238
"131","15238648",1997,7.75857534246575,0.192267293576151,-0.80075971186161
"132","15238648",1998,15.218904109589,0.0407471630411842,0.802640091379484
"133","15238648",1999,45.6490410958904,-0.791796527492503,-0.650484719872475
"134","15238648",2000,3.01994535519126,-0.226423241353283,-0.282931267221769
"135","15238648",2001,3.11698630136986,1.44014472747222,1.65636200805505
"136","15238648",2002,15.8298630136986,-0.424984025613715,-0.551236702998479
"137","15238648",2003,18.0232054794521,1.9813024077254,1.45483896235625
"138","15238648",2004,2.25920765027322,0.731211396399885,-0.33367899954319
"139","15238648",2005,3.45742465753425,1.52133081589515,0.553679407636325
"140","15238648",2006,2.96684931506849,-0.340158494965484,-0.12347163160642
"141","15238648",2008,27.0719398907104,-0.761640861319999,0.802605550487836
"142","15238648",2009,2.07947945205479,-0.790137887156258,-1.30562064945698
"143","15238648",2010,1.8966301369863,0.421540282511462,0.147504131992658
"144","15238648",2011,3.90734246575342,-0.457414530372868,-0.310089040795962
"145","15238648",2012,1.91928961748634,-1.426447786546,1.10010464092096
"146","15238648",2013,4.84402739726027,0.0432794564403594,-0.729469586412112
"147","15238990",1984,60.1245901639344,0.87690316994364,0.583511755863825
"148","15238990",1985,49.1821917808219,-0.305196799493084,-0.238465586304665
"149","15238990",1986,153.891780821918,-0.51381344612067,-0.7623389651378
"150","15238990",1987,91.1802739726027,0.969964372459799,1.86346287131309
"151","15238990",1988,141.871584699454,0.358266504947096,1.06114445726077
"152","15238990",1989,87.0178082191781,-0.517047745641321,-0.731430926918983
"153","15238990",1990,138.242465753425,-0.34147546455885,-0.307569254438083
"154","15238990",1991,140.387671232877,-0.735925687011332,-0.73417862902085
"155","15238990",1992,120.765027322404,-1.02906371420249,-0.6416755904754
"156","15238990",1993,150.613698630137,1.00678875281786,0.168253601590792
"157","15238990",1994,132.284657534247,0.5642205599385,-0.205716663599014
"158","15238990",1995,171.298219178082,-0.495523361023516,0.809140623609225
"159","15238990",1996,103.060928961749,-0.0897324757340057,-1.66494849473238
"160","15238990",1997,131.825479452055,0.192267293576151,-0.80075971186161
"161","15238990",1998,90.9894520547945,0.0407471630411842,0.802640091379484
"162","15238990",1999,99.8328767123288,-0.791796527492503,-0.650484719872475
"163","15238990",2000,97.606693989071,-0.226423241353283,-0.282931267221769
"164","15238990",2001,181.307945205479,1.44014472747222,1.65636200805505
"165","15238990",2002,129.067945205479,-0.424984025613715,-0.551236702998479
"166","15238990",2003,164.140684931507,1.9813024077254,1.45483896235625
"167","15238990",2004,172.483469945355,0.731211396399885,-0.33367899954319
"168","15238990",2005,165.97698630137,1.52133081589515,0.553679407636325
"169","15238990",2006,137.226575342466,-0.340158494965484,-0.12347163160642
"170","15238990",2007,125.166849315068,-0.901184854563326,-0.629181682070096
"171","15238990",2008,71.8461475409836,-0.761640861319999,0.802605550487836
"172","15238990",2009,120.952602739726,-0.790137887156258,-1.30562064945698
"173","15238990",2010,144.29301369863,0.421540282511462,0.147504131992658
"174","15238990",2011,115.715753424658,-0.457414530372868,-0.310089040795962
"175","15238990",2012,135.856010928962,-1.426447786546,1.10010464092096
"176","15238990",2013,158.537452054795,0.0432794564403594,-0.729469586412112
"177","15239050",1984,46.7860655737705,0.883303707910495,0.737101287394762
"178","15239050",1985,39.9605479452055,-0.378563374146405,-0.214976548403501
"179","15239050",1986,42.0972602739726,-0.52611806726911,-0.637399041901032
"180","15239050",1987,62.2997260273973,1.02938678874117,1.36368242477377
"181","15239050",1988,50.6390710382514,0.378021883602357,0.768066133807103
"182","15239050",1989,54.9320547945205,-0.536078536127591,-0.542743637412786
"183","15239050",1990,52.5684931506849,-0.361864765350603,-0.216919719427824
"184","15239050",1991,46.4493150684931,-0.753410051131828,-0.753345265239477
"185","15239050",1992,47.6535519125683,-1.11945101853667,-0.577633380144834
"186","15239050",1993,61.7558904109589,0.978286825254973,0.111429786433776
"187","15239050",1994,47.966301369863,0.58267083529176,-0.22155513788263
"188","15239050",1995,52.8279452054795,-0.538779852156424,0.720237901558479
"189","15239050",1996,34.3953551912568,-0.127221462492728,-1.36525971119603
"190","15239050",1997,54.6739726027397,0.177145826454378,-0.75134587213397
"191","15239050",1998,56.1769863013699,0.0502001520349747,0.547073653091987
"192","15239050",1999,53.0556164383562,-0.791237768893027,-0.42733773017923
"193","15239050",2000,45.5822404371585,-0.24017896986463,-0.273936757693688
"194","15239050",2001,62.4915068493151,1.5131077792599,1.34838953688741
"195","15239050",2002,49.653698630137,-0.419254588449581,-0.456389036526283
"196","15239050",2003,76.3106849315069,2.08051764481804,1.30771238679687
"197","15239050",2004,69.1352459016394,0.743037747974611,-0.174062089870374
"198","15239050",2005,57.2693698630137,1.58386798961502,0.445732812831799
"199","15239050",2006,43.5790410958904,-0.315610878035012,-0.108323483914137
"200","15239050",2007,50.3301369863014,-0.905882996682906,-0.503258999933799
"201","15239050",2008,53.8532513661202,-0.751436265671833,0.776863103856643
"202","15239050",2009,51.5835616438356,-0.824099016551756,-1.01996698901057
"203","15239050",2010,63.8711780821918,0.479430876806792,0.0867944665253164
"204","15239050",2011,42.4967945205479,-0.451244925945583,-0.394530389954646
"205","15239050",2012,57.2474043715847,-1.43660325605629,0.858143375068903
"206","15239050",2013,49.5976712328767,-0.00194226440249223,-0.432243078202009
"207","15239070",1984,515.368852459016,0.872089470759965,0.472839088572397
"208","15239070",1985,475.194520547945,-0.396967892511748,-0.0901700269844796
"209","15239070",1986,510.668493150685,-0.523575069669945,-0.448712471789784
"210","15239070",1987,723.290410958904,1.05070217786512,0.874676735533609
"211","15239070",1988,668.122950819672,0.40401107602908,0.539721944762601
"212","15239070",1989,609.575342465753,-0.52914955681966,-0.295772276735968
"213","15239070",1990,585.802739726027,-0.322672302190525,-0.0882411859101717
"214","15239070",1991,106.430136986301,-0.736831848486327,-0.535018234120475
"215","15239070",1992,111.25956284153,-1.0078855569552,-0.3681565038032
"216","15239070",1993,108.8,0.906714591220952,0.0439652788970206
"217","15239070",1994,107.578082191781,0.613151754275895,-0.171744596130318
"218","15239070",1995,115.884931506849,-0.517315948669178,0.454761707617177
"219","15239070",1996,83.5655737704918,-0.163959631983501,-0.913756110933092
"220","15239070",1997,87.0849315068493,0.161923528051314,-0.572079729206032
"221","15239070",1998,118.104109589041,0.0253097641825053,0.367053189708127
"222","15239070",1999,102.934246575342,-0.858548856937948,-0.262491525378492
"223","15239070",2000,95.6803278688525,-0.298965240184528,-0.18594409144587
"224","15239070",2001,127.2,1.50907422635549,0.879771497183376
"225","15239070",2002,99.7616438356164,-0.420143733088238,-0.324642393655247
"226","15239070",2003,164.418356164384,2.08261872613026,0.901178925070498
"227","15239070",2004,107.460382513661,0.729185405210591,-0.0585993080503409
"228","15239070",2005,101.923287671233,1.60844151709074,0.31084917369816
"229","15239070",2006,106.908493150685,-0.296356786950491,-0.0870932153529589
"230","15239070",2007,104.987123287671,-0.912401462260944,-0.437332946724362
"231","15239070",2008,119.675136612022,-0.701252235386831,0.541755983067884
"232","15239070",2009,98.8013698630137,-0.847491646472675,-0.658869064019786
"233","15239070",2010,101.794246575342,0.497721287445165,-0.0249326489037935
"234","15239070",2011,97.0367123287671,-0.472205891871515,-0.240357827312416
"235","15239070",2012,133.436885245902,-1.42312161591059,0.569822588397397
"236","15239070",2013,121.915342465753,-0.0320982482672361,-0.192481956051455
"237","15258000",1984,2579.13114754098,0.574347794397423,0.0960683488649214
"238","15258000",1985,2689.35616438356,-0.552082488592714,-0.0284525216815785
"239","15258000",1986,2901.59726027397,-0.252775193471462,-0.0371254209377285
"240","15258000",1987,3343.68767123288,1.2145382566688,0.44802720981857
"241","15258000",1988,3356.85519125683,0.728547563496977,0.28248244847378
"242","15258000",1989,3195.54246575342,-0.925159126178672,-0.0204501456529316
"243","15258000",1990,3316.90410958904,-0.383814781562736,0.161730822305092
"244","15258000",1991,2666.64657534247,-0.731510683552673,-0.286519004523547
"245","15258000",1992,2695.93169398907,-0.455502917027722,-0.141523212065092
"246","15258000",1993,3176.42739726027,0.651539343440284,0.238883345206786
"247","15258000",1994,3068.11506849315,0.969404658023268,-0.155833876251967
"248","15258000",1995,3272.83561643836,-0.418238435840855,0.185445044319042
"249","15258000",1996,2268.12295081967,-0.532574216183275,-0.657322275633406
"250","15258000",1997,2412.68219178082,0.0669036212998129,-0.328235166638883
"251","15258000",1998,2984.7698630137,0.165131142083555,-0.0411000002123829
"252","15258000",1999,3089.45205479452,-1.05215769972031,-0.136504941801023
"253","15258000",2000,2687.5,-0.187447124129782,-0.118324311320773
"254","15258000",2001,3825.56164383562,1.88864374070739,0.321659144143471
"255","15258000",2002,2914.76712328767,-0.589285425500324,-0.339988582948637
"256","15258000",2003,3722.43835616438,2.16411358152206,0.532704182098516
"257","15258000",2004,3337.97540983607,0.585828995052725,-0.286288977781725
"258","15258000",2005,2948.41095890411,1.52036651506399,0.0549662499429866
"259","15258000",2006,3057.03835616438,-0.438067396140347,-0.000730063636890543
"260","15258000",2007,2663.12328767123,-0.99538198079293,-0.28660995251913
"261","15258000",2008,2883.06284153005,-0.467557999895265,0.323514800648102
"262","15258000",2009,2620.6301369863,-0.975843508696805,-0.439431237548383
"263","15258000",2010,2953.75342465753,0.681468119565397,0.0312792734605158
"264","15258000",2011,2787.2904109589,-0.58434743648395,0.0198216911457065
"265","15258000",2012,3587.81147540984,-1.25102463330453,0.614989210049518
"266","15258000",2013,3243.25205479452,-0.418062284247329,-0.0071320793229257
"267","15266300",1984,5051.12021857924,0.583481662482437,0.00949414054759679
"268","15266300",1985,5088.87671232877,-0.836876597990178,0.0623414005359841
"269","15266300",1986,6066.60273972603,-0.578947302688741,-0.117294627127962
"270","15266300",1987,6124.02739726027,1.31484480004551,0.0734634993494385
"271","15266300",1988,6487.9781420765,0.721665186693685,-0.0672521804252433
"272","15266300",1989,6601.09589041096,-0.739686704665008,0.218243734714472
"273","15266300",1990,7231.72602739726,-0.284888920177602,0.219209215096716
"274","15266300",1991,5464.71232876712,-0.863860624024851,-0.111086073838588
"275","15266300",1992,5612.04918032787,-0.506446865190648,-0.0976153620311784
"276","15266300",1993,6328.49315068493,0.65795721102299,0.0999258158625
"277","15266300",1994,5811.12328767123,0.90193729898375,-0.213013190972722
"278","15266300",1995,6872.82191780822,-0.426419170687182,0.346957438739224
"279","15266300",1996,5262.45901639344,-0.522617982814295,-0.353978876841979
"280","15266300",1997,5124.95890410959,-0.0445283401033114,-0.238229712667978
"281","15266300",1998,5972.52054794521,0.261493924270487,-0.0681569733449983
"282","15266300",1999,5652.32876712329,-0.95735556581575,0.0131094913205339
"283","15266300",2000,5284.91803278689,-0.352939250061495,-0.0649440352597999
"284","15266300",2001,7010.93150684932,1.90200129450402,-0.00265676920405689
"285","15266300",2002,5898.60273972603,-0.64020649789729,-0.104726508456386
"286","15266300",2003,8093.17808219178,2.34400156811915,0.185116174123767
"287","15266300",2004,7024.45355191257,0.405364844213343,0.0644024645806187
"288","15266300",2005,6331.97260273973,1.61483628229342,0.33220265413531
"289","15266300",2006,6059.06849315068,-0.274196015784724,0.0910337850968872
"290","15266300",2007,5755.39726027397,-0.64903254011232,-0.272227964560605
"291","15266300",2008,5571.25683060109,-0.298327174772405,0.108146507096373
"292","15266300",2009,5868.08219178082,-1.17194543976544,-0.302254180310087
"293","15266300",2010,5827.94520547945,0.841975085944351,-0.149919235654589
"294","15266300",2011,5269.35342465753,-0.569273041675074,-0.055935827590939
"295","15266300",2012,6601.8306010929,-1.3267667561666,0.318929858309113
"296","15266300",2013,7094.8602739726,-0.505244368180219,0.0767153387785786
"297","15276000",1984,120.598360655738,0.732927804957661,-0.0735918107287337
"298","15276000",1985,138.715068493151,-0.630138242472377,-0.0740493993119646
"299","15276000",1986,109.394520547945,-0.286275371143387,-0.127548388283079
"300","15276000",1987,141.367123287671,1.0700595634886,-0.0696023526446272
"301","15276000",1988,159.51912568306,0.699070071946416,-0.0269247291143984
"302","15276000",1989,149.895890410959,-0.800416712193853,0.338063008074338
"303","15276000",1990,161.21095890411,0.0267495470949346,0.249142235998685
"304","15276000",1991,112.221917808219,-0.845208964476155,-0.100808800275748
"305","15276000",1992,131.346994535519,-0.685014569366144,-0.0144125171160947
"306","15276000",1993,133.761643835616,0.614014839898381,0.0528330237139016
"307","15276000",1994,157.693150684932,0.738842254649434,-0.21400752516153
"308","15276000",1995,158.942465753425,-0.408132964600291,0.223774283115442
"309","15276000",1996,71.4207650273224,-0.53064814630068,-0.377600786974654
"310","15276000",1997,124.832876712329,-0.00662231865442453,0.0378753321710974
"311","15276000",1998,159.167123287671,-0.018496567238536,-0.0495182077866048
"312","15276000",1999,131.339726027397,-1.08397710246758,0.0694816636387259
"313","15276000",2000,186.483606557377,-0.320419793803659,0.128575928742066
"314","15276000",2001,165.424657534247,1.46145776487473,-0.132625678942228
"315","15276000",2002,127.507123287671,-0.450420736500786,0.0158343863828729
"316","15276000",2003,162.318082191781,2.22573837217771,-0.182380915697043
"317","15276000",2004,135.015846994536,0.589220390489532,0.244317139421279
"318","15276000",2005,197.104383561644,1.56622079588059,0.12569376352864
"319","15276000",2006,170.058630136986,-0.465425982305573,0.129449720416839
"320","15276000",2007,134.820821917808,-0.912472441026734,-0.0929204937225829
"321","15276000",2008,161.729234972678,-0.431220118432409,-0.123653199290857
"322","15276000",2009,126.754794520548,-0.799008612065679,-0.410139520109321
"323","15276000",2010,136.013424657534,0.680371945868764,-0.16685381399778
"324","15276000",2011,116.109589041096,-0.301837975014415,-0.136099688475952
"325","15276000",2012,220.147540983607,-1.11419366223531,0.502024236057575
"326","15276000",2013,206.201369863014,-0.314743071028756,0.255673106371735
"327","15292000",1984,9564.78142076503,0.327689631117715,-0.296603544030546
"328","15292000",1985,9891.06849315069,-0.733531131512589,0.517064255005163
"329","15292000",1986,8528.84931506849,-0.443875575231181,-0.230525954041837
"330","15292000",1987,10540.7397260274,1.02694714648856,0.362933416193765
"331","15292000",1988,10218.7704918033,0.950280555420452,-0.243461716645915
"332","15292000",1989,10268,-0.752770020729966,0.328381962106667
"333","15292000",1990,13020.5205479452,-0.290431662566132,1.32274667821928
"334","15292000",1991,8517.45205479452,-0.713080877231227,0.0131481627881942
"335","15292000",1992,8711.6393442623,-0.815094971822368,-0.935431974355338
"336","15292000",1993,10126.4931506849,0.413225050601694,0.352741160393796
"337","15292000",1994,9930.05479452055,0.751167521708542,-0.20510382674531
"338","15292000",1995,10315.5616438356,-0.170040194359091,-0.114758236680387
"339","15292000",1996,6783.28767123288,-0.693715487089422,-0.712068116639016
"340","15292000",2002,8518.16438356164,-0.570128365523285,0.254053548252624
"341","15292000",2003,10259.2328767123,2.06992843146953,0.364824855353476
"342","15292000",2004,9376.80327868853,0.826975748770767,-0.494302112334925
"343","15292000",2005,12241.7260273973,1.27452791316642,1.11151831997041
"344","15292000",2006,10300.4657534247,-0.711001739319828,0.368904676562589
"345","15292000",2007,9638.57534246575,-0.336731368468867,-0.0628749640089357
"346","15292000",2008,8906.55737704918,-0.0951244425442484,-0.381858389550406
"347","15292000",2009,9495.42465753425,-0.917012501921919,-0.48545045005675
"348","15292000",2010,10135.7534246575,0.829339321288798,-0.558106388622481
"349","15292000",2011,8912.93150684931,-0.181108727223343,-0.378682347982087
"350","15292000",2012,11234.8907103825,-1.06376859711276,0.731153507059854
"351","15292000",2013,11644.904109589,-0.315734708474742,0.480230293200455
"352","15292700",1984,3626.72131147541,0.424388872798429,-0.273956705112424
"353","15292700",1985,4268.8904109589,-0.706121449951186,0.519236158351931
"354","15292700",1986,3350.46575342466,-0.314383934223507,-0.298845732191371
"355","15292700",1987,4801.45205479452,1.11604137193774,0.409833364581896
"356","15292700",1988,3737.51366120219,0.894415576970722,-0.113897819299665
"357","15292700",1989,4247.45205479452,-0.70037121105577,0.538659111679428
"358","15292700",1990,5384.43835616438,-0.197826688770308,0.900499156138135
"359","15292700",1991,3774.98630136986,-0.723302603049928,-0.166246798117128
"360","15292700",1992,3522.48633879781,-0.703385543360168,-0.726056454309987
"361","15292700",1993,4859.56164383562,0.47646805615837,0.247674441979163
"362","15292700",1994,4321.8904109589,0.81042510242874,-0.262902964134183
"363","15292700",1995,4046.93150684932,-0.410774814867829,0.130456736704541
"364","15292700",1996,3109.97267759563,-0.471857945406292,-0.685620279589461
"365","15292700",1997,3582.79452054795,0.324566562688495,-0.397505174308187
"366","15292700",1998,3861.3698630137,0.164729455824838,0.0344915002791417
"367","15292700",1999,3843.04657534247,-0.797400837425246,-0.241054158885446
"368","15292700",2000,4452.95081967213,-0.394350869242205,-0.00330712793187971
"369","15292700",2001,3694.68493150685,1.37872708094979,-0.24878715870695
"370","15292700",2002,3822.16438356164,-0.619771341764782,0.255141441793077
"371","15292700",2003,4232.35616438356,2.12027525322564,0.40065211655779
"372","15292700",2004,3606.12021857923,0.749854862407988,-0.264340238252448
"373","15292700",2005,5862.8,1.30367545258616,0.89710129402164
"374","15292700",2006,4007.06849315068,-0.717828711155906,0.22793660165949
"375","15292700",2007,3588.90410958904,-0.52933169432864,-0.194441295766996
"376","15292700",2008,3419.34699453552,-0.325651447260235,-0.461639015852577
"377","15292700",2009,3556.45205479452,-1.04543349671747,-0.544532099345492
"378","15292700",2010,3764.43835616438,0.541802704052275,-0.42995689459559
"379","15292700",2011,3118.16438356164,-0.235508770032579,-0.262476826935179
"380","15292700",2012,4444.59016393443,-1.15503705569491,0.569720433176391
"381","15292700",2013,4661.87671232877,-0.25703193772222,0.444164386412336
"382","15295700",1984,257.887978142077,0.521512463699199,-0.0864867265025779
"383","15295700",1985,224.142465753425,-0.287619213951337,-0.201900312801202
"384","15295700",1986,257.813698630137,-0.261706618659405,0.518251359959443
"385","15295700",1987,369.649315068493,0.856532292994153,1.56321396480004
"386","15295700",1988,303.210382513661,0.0396044975405352,0.187565972904364
"387","15295700",1989,196.764383561644,-0.216134471886067,-0.473497141897679
"388","15295700",1990,222.019178082192,-0.0348612772352577,-0.173569390674432
"389","15295700",1991,245.561643835616,-0.425776017897038,0.227027237912019
"390","15295700",1992,228.308743169399,-0.303576977990775,-0.173845757544041
"391","15295700",1993,226.854794520548,0.463131754902295,-0.72016381174326
"392","15295700",1994,218.632876712329,0.512257412629616,1.00982300490141
"393","15295700",1995,280.545205479452,-0.295402837984471,0.797779957950115
"394","15295700",1996,204.653005464481,0.274455117692964,-1.05815802961588
"395","15295700",1997,202.638356164384,0.722170395709367,-0.413178959985574
"396","15295700",1998,246.887671232877,0.12861142052441,0.96072458277146
"397","15295700",1999,224.391780821918,-1.12606402617465,-0.388177275160949
"398","15295700",2000,193.150273224044,-0.597588924758343,-0.812232235570749
"399","15295700",2001,231.660273972603,1.12397548363337,0.956597765783469
"400","15295700",2002,226.390136986301,-0.56067243535589,0.137279883523782
"401","15295700",2003,293.369863013699,1.64079955399761,1.56745924601952
"402","15295700",2004,256.731420765027,0.698733270566704,-0.00156371742486971
"403","15295700",2005,192.227671232877,1.07336674996445,0.336875399450461
"404","15295700",2006,194.315616438356,-0.353827906839757,-0.79975553303957
"405","15295700",2007,188.330136986301,-0.851682576728571,-0.568437714874745
"406","15295700",2008,204.516120218579,-0.801226405494122,0.804039955635865
"407","15295700",2009,162.732876712329,-0.867524777295896,-0.821457772950332
"408","15295700",2010,317.526301369863,0.171744896031709,-0.471148152649403
"409","15295700",2011,206.107671232877,-0.112066048575151,-0.444970756272475
"410","15295700",2012,186.71912568306,-1.24437045374782,-0.869351823627949
"411","15295700",2013,177.375068493151,0.113205660688174,-0.588743219276269
"412","15304000",1984,36653.5519125683,-0.667275606965025,-0.213560418036973
"413","15304000",1985,40572.602739726,-0.787745256597797,0.127820359421377
"414","15304000",1986,35397.5342465753,-0.143218814705809,-0.0366994312162406
"415","15304000",1987,40961.095890411,0.97327490709722,-0.0789009222114044
"416","15304000",1988,37321.3114754098,0.536895380044977,0.0140407872722588
"417","15304000",1989,45018.904109589,-0.606336170807481,0.128944435966615
"418","15304000",1990,44807.1232876712,-0.419820268327991,-0.0331666501833953
"419","15304000",1991,49875.3424657534,-0.0178902130573988,0.0468143242126746
"420","15304000",1992,40282.5136612022,-1.52707032797237,-0.274828757591442
"421","15304000",1993,52088.7671232877,1.28653343580663,0.0404248341943862
"422","15304000",1994,52378.8461538462,0.784207929546634,0.0172114575928493
"423","15304000",1996,41133.8797814208,-0.41366519468526,-0.250298698243892
"424","15304000",1997,28567.6712328767,0.525675426547726,-0.408113340037461
"425","15304000",1998,48074.5205479452,-0.180674343680342,0.235812592508996
"426","15304000",1999,45028.7671232877,-1.23182609615227,-0.0357537429133016
"427","15304000",2000,40251.0928961749,-0.776738481596112,0.0811939480429931
"428","15304000",2001,44962.7397260274,1.98048824630678,0.0372784701512299
"429","15304000",2002,38968.7671232877,0.000518779580791939,0.0144449010206802
"430","15304000",2003,48384.1095890411,2.24094708822668,0.317014462503398
"431","15304000",2004,40466.1202185792,1.18976687205335,-0.0515067274345912
"432","15304000",2005,45085.4794520548,1.90056240124007,0.298563256117308
"433","15304000",2006,41142.4657534247,-0.685946116223931,-0.050956846646861
"434","15304000",2007,39267.1232876712,0.406831553205848,0.129571891112978
"435","15304000",2008,40775.956284153,-1.06910387612879,-0.184851187713341
"436","15304000",2009,38854.5205479452,-1.12159790533284,-0.12299947018166
"437","15304000",2010,36197.2602739726,0.0814978734900556,0.0487872857626321
"438","15304000",2011,38278.0821917808,-0.154050985351205,-0.0278788592019635
"439","15304000",2012,50720.7650273224,-1.58941101841629,0.351658254119361
"440","15304000",2013,42223.0136986301,-0.728863576427102,-0.0347200136605856
"441","15356000",1984,77045.9016393443,-0.0501976676285265,-0.00864122783791066
"442","15356000",1985,89547.9452054795,-0.903426894793907,0.115486487988124
"443","15356000",1986,90238.6301369863,-0.813838928192854,-0.21313312501362
"444","15356000",1987,85186.301369863,0.630910864224036,0.0571644897663242
"445","15356000",1988,99872.6775956284,1.18472792531053,0.0498266893063879
"446","15356000",1989,73354.7945205479,-0.467390586187442,-0.0659849045241976
"447","15356000",1990,87247.9452054795,-0.397709180166324,0.0490213439424729
"448","15356000",1991,95081.6438356164,-0.636293956885735,-0.0756493939461911
"449","15356000",1992,109669.672131148,-1.02148884957035,-0.112150908516358
"450","15356000",1993,90890.4109589041,0.822259854028622,-0.152939984100198
"451","15356000",1994,81385.7534246575,0.73798280035456,-0.176994968584687
"452","15356000",1995,77734.5205479452,0.774373243997494,0.525465110869199
"453","15356000",1996,68150.5464480874,-1.86994738305608,-0.26654823038132
"454","15356000",1997,84605.7534246575,-0.786510794609785,0.0773793933227555
"455","15356000",1998,63204.9315068493,1.18356862738729,0.0771688984331882
"456","15356000",1999,68313.1506849315,-0.645348662386338,-0.142489498860151
"457","15356000",2000,96017.2131147541,-0.276894499113162,0.222176562615722
"458","15356000",2001,101812.328767123,1.35943321461479,-0.00707995122324467
"459","15356000",2002,85480.2739726027,-0.198036560664574,-0.0209106098925177
"460","15356000",2003,73241.3698630137,2.2327189527452,-0.0409351438969477
"461","15356000",2004,79298.3606557377,-0.27381033624212,-0.17986430203568
"462","15356000",2005,88703.8356164384,0.640908619513114,-0.118621369504318
"463","15356000",2006,82666.8493150685,0.461058547844489,-0.0241662435298268
"464","15356000",2007,86365.2054794521,-0.545854220042626,-0.0128155708765715
"465","15356000",2008,93722.4043715847,-0.0287469717363518,0.118468705806622
"466","15356000",2009,91987.6712328767,-1.17493138636152,0.0370898677592373
"467","15356000",2010,77002.4657534247,1.45538337106506,0.184787499028931
"468","15356000",2011,92779.4520547945,0.32485051030914,0.158877612023045
"469","15356000",2012,94316.1202185792,0.122579406450192,-0.153664334124834
"470","15356000",2013,100648.767123288,-1.84032906020681,0.099677105986565
"471","15453500",1984,111809.56284153,-0.991045664995909,-0.0942166581437858
"472","15453500",1985,124622.191780822,-0.545590908577045,0.103649485825412
"473","15453500",1986,118750.136986301,-0.4321010025839,-0.10343129346131
"474","15453500",1987,119438.356164384,0.616551050295433,-0.123844279628085
"475","15453500",1988,127442.076502732,1.96042941883206,-0.0341622191790116
"476","15453500",1989,106375.342465753,-0.927988113214572,0.0485254215388623
"477","15453500",1990,115279.178082192,-0.514401466896136,0.196593235681616
"478","15453500",1991,130715.068493151,-0.0915760211646557,0.187855687892847
"479","15453500",1992,144171.584699454,-1.33137277886271,-0.155787201163508
"480","15453500",1993,125445.479452055,0.425379573057096,0.263511627105537
"481","15453500",1994,119143.835616438,0.850130010396243,0.00122706278553875
"482","15453500",1995,125091.780821918,0.3007539100945,0.254311904901179
"483","15453500",1996,93781.1475409836,-1.51622445508838,-0.151251115260756
"484","15453500",1997,125323.287671233,-0.487723401437202,-0.184366705198611
"485","15453500",1998,104398.082191781,0.788775293777387,-0.0357830114971471
"486","15453500",1999,94866.8493150685,-0.779167365282774,-0.159454039571412
"487","15453500",2000,137515.573770492,-0.65808235729734,-0.0101264800874762
"488","15453500",2001,137052.054794521,0.879713861892621,-0.119308102712805
"489","15453500",2002,115926.02739726,-0.0530050906042252,0.0322216975504287
"490","15453500",2003,110685.479452055,1.43054714674751,0.136542593098097
"491","15453500",2004,107761.475409836,1.02637688070536,0.0106602776486802
"492","15453500",2005,121210.410958904,1.30588266129295,0.159929003535621
"493","15453500",2006,130006.575342466,-0.0605849338074522,-0.0287791947211695
"494","15453500",2007,110996.438356164,0.945061235378186,-0.149956761269358
"495","15453500",2008,125407.650273224,0.0170647390186787,-0.028958166825113
"496","15453500",2009,127730.136986301,-0.819838038335243,0.066766008859041
"497","15453500",2010,112973.97260274,0.907687911142906,-0.211882362017867
"498","15453500",2011,131013.97260274,-0.113161992281675,0.112019602023227
"499","15453500",2012,132830.327868852,-0.657135677834352,0.108590376707111
"500","15453500",2013,136238.904109589,-1.47535442436735,-0.0910963944157832
"501","15484000",1984,1820.21857923497,-0.160773598744224,0.0758589451421156
"502","15484000",1985,2174.71232876712,-0.340692940944185,0.318451430453246
"503","15484000",1986,1759.17808219178,-0.150442901843538,-0.0114529581831044
"504","15484000",1987,1268.01917808219,1.07865374923373,-0.280320689005829
"505","15484000",1988,1249.82513661202,1.50624496877814,0.120829716129487
"506","15484000",1989,1277.81643835616,-0.789429856929928,-0.165009380513544
"507","15484000",1990,1611.6301369863,-0.42732764640823,0.111292934781199
"508","15484000",1991,1982.32876712329,-0.13572429974253,-0.0408005897977597
"509","15484000",1992,1825,-1.1248888160723,0.0508875559304013
"510","15484000",1993,1663.80821917808,1.54470238725965,0.0401622118648245
"511","15484000",1994,1623.56712328767,1.06006744860982,-0.119330768979206
"512","15484000",1995,1902.8602739726,-0.109386189375073,0.176549029030785
"513","15484000",1996,1076.16120218579,-1.06737263795609,-0.158743539399519
"514","15484000",1997,1085.69863013699,-0.0781467791336281,-0.254530413271601
"515","15484000",1998,1090.82465753425,0.958273407227049,-0.0316984071021176
"516","15484000",1999,794.550684931507,-0.489009267184883,-0.147262405178561
"517","15484000",2000,1999.92349726776,-0.877436403029909,0.205356616331523
"518","15484000",2001,1506.1095890411,1.49418632329131,-0.168344568656499
"519","15484000",2002,1996.13698630137,-0.332813008222729,0.163398597194141
"520","15484000",2003,1851.08767123288,1.84901194165771,0.0751860891067837
"521","15484000",2004,1333.04918032787,0.139463162825753,-0.0902173294465886
"522","15484000",2005,1567.73698630137,1.10957872510577,0.0913435814811641
"523","15484000",2006,1441.43835616438,-0.778186543378979,-0.145323862827435
"524","15484000",2007,1365.33424657534,-0.621821715030819,0.133834916592524
"525","15484000",2008,1730.13661202186,-0.50253881374374,0.305211242093032
"526","15484000",2009,1312.10410958904,-1.38863625982776,-0.00310204360608224
"527","15484000",2010,1205.1095890411,0.780978954241921,-0.147573845035448
"528","15484000",2011,1919.56438356164,-0.33393312850967,-0.0499350008334861
"529","15484000",2012,1630.68306010929,-0.375446978801241,-0.0278774402505304
"530","15484000",2013,1351.69589041096,-1.43715328335141,-0.0268396240439163
"531","15485500",1984,20985.5191256831,-0.492911263948514,0.0444753400800336
"532","15485500",1985,22129.5890410959,-0.434819057231976,0.221239627755454
"533","15485500",1986,19667.9452054795,-0.321653658793204,-0.0749517051063271
"534","15485500",1987,18610.1369863014,1.23628844355957,-0.263535077111899
"535","15485500",1988,22314.7540983607,1.67503438925164,-0.0238862148356727
"536","15485500",1989,22485.2054794521,-0.355741455799176,-0.120845820648699
"537","15485500",1990,22705.3698630137,-0.221141511843436,0.205614353946617
"538","15485500",1991,20696.1643835616,0.106199170504179,-0.00472806022605954
"539","15485500",1992,21758.4699453552,-0.949318523477349,0.0736940497972278
"540","15485500",1993,22520.8219178082,1.48447647229251,0.085224910124412
"541","15485500",1994,21222.7397260274,1.51324309443848,-0.165963927798698
"542","15485500",1995,21880.5753424658,0.246032700294422,0.0792440146026719
"543","15485500",1996,16019.6721311475,-0.732735156661107,-0.0410658400997312
"544","15485500",1997,20898.7397260274,-0.636113717800213,-0.214385212215388
"545","15485500",1998,16647.9452054795,0.312152569844491,-0.00789149482993201
"546","15485500",1999,17773.9178082192,-1.28049420778536,-0.18179698650363
"547","15485500",2000,20498.2240437158,-0.852154439584249,0.0612241035068615
"548","15485500",2001,21318.0821917808,1.50504515603599,-0.101443009965846
"549","15485500",2002,22987.6712328767,-0.400468801106844,0.113453209506244
"550","15485500",2003,20031.7808219178,1.71782799472825,0.17115289216292
"551","15485500",2004,22551.912568306,0.661443447425133,-0.02250528123178
"552","15485500",2005,22941.3698630137,1.41955972249723,0.170443151252241
"553","15485500",2006,19942.4657534247,-0.804794435347948,-0.0575311530562531
"554","15485500",2007,21170.4109589041,-0.352953311945829,0.04168194853442
"555","15485500",2008,19574.8633879781,-0.463567748313977,0.189087047037255
"556","15485500",2009,19365.4794520548,-1.15698252086424,-0.0859090324672352
"557","15485500",2010,21524.1095890411,0.518335129175749,-0.0901191699189237
"558","15485500",2011,21049.0684931507,-0.505277305489613,0.0648138651443232
"559","15485500",2012,20655.6557377049,-0.494192336644564,-0.0706726007344615
"560","15485500",2013,21618.904109589,-1.94031883741005,0.00588207329985591
"561","15493000",1984,905.344262295082,-0.156957605243143,-0.013999691615916
"562","15493000",1985,935.852054794521,-0.653496899962839,0.254261376574222
"563","15493000",1986,815.698630136986,-0.910760997494476,-0.173543023017959
"564","15493000",1987,716.268493150685,0.890250038345241,-0.143550389829195
"565","15493000",1988,579.726775956284,1.23177685432343,0.0763745595907999
"566","15493000",1989,653.109589041096,-1.22283630198282,-0.118229221935487
"567","15493000",1990,736.997260273973,-0.710489192367014,0.17369738244969
"568","15493000",1991,1051.87397260274,-0.119768717647013,0.0780032527839971
"569","15493000",1992,964.745901639344,-1.08665750300926,0.000814603879633835
"570","15493000",1993,778.619178082192,1.29018159830529,0.0773684740273488
"571","15493000",1994,805.676712328767,0.745909898221079,-0.0352814462139375
"572","15493000",1995,897.561643835616,0.289454083879375,0.307229229176624
"573","15493000",1996,509.090163934426,-0.992006901661969,-0.131220905027456
"574","15493000",1997,398.367123287671,0.167798699179871,-0.329833782660878
"575","15493000",1998,492.402739726027,0.89548403147815,-0.0562140470474131
"576","15493000",1999,422.827397260274,-0.443263849874751,-0.247320953518566
"577","15493000",2000,830.412568306011,-0.719551214337763,0.192081483318988
"578","15493000",2001,648,1.62166991704661,-0.142107336854355
"579","15493000",2002,967.602739726027,-0.153379598021921,0.274925050874137
"580","15493000",2003,993.298630136986,1.76417807550687,0.242287997394386
"581","15493000",2004,558.732240437158,0.767991747696781,-0.245961356980519
"582","15493000",2005,724.4,1.43069555981913,0.141631745660884
"583","15493000",2006,739.572602739726,-0.688235659162618,0.0501442373937202
"584","15493000",2007,553.306849315068,-0.217168960730649,-0.0608426184186505
"585","15493000",2008,608.770491803279,-0.437310863296605,-0.0300147524827884
"586","15493000",2009,637.783561643836,-0.996406254679378,-0.103441449885981
"587","15493000",2010,438.509589041096,1.2055822225805,-0.290867768921372
"588","15493000",2011,855.282191780822,-0.287835437814809,0.242598823820137
"589","15493000",2012,664.732240437158,-0.747577149431325,-0.00266809613547392
"590","15493000",2013,608.621917808219,-1.75726961966397,0.0136786236013803
"591","15511000",1984,249.434426229508,-0.265244917778505,0.0149857828691083
"592","15511000",1985,271.769863013699,-0.396924666273925,0.294182990521141
"593","15511000",1986,240.608219178082,-0.362733693627848,-0.0773331310302537
"594","15511000",1987,189.301369863014,1.11522406169938,-0.286667928450172
"595","15511000",1988,165.426229508197,1.42455179322925,0.0631494498798727
"596","15511000",1989,200.312328767123,-0.832738987315032,-0.122194065558465
"597","15511000",1990,191.33698630137,-0.230681510476602,0.161695266606855
"598","15511000",1991,301.131506849315,-0.25361272862388,-0.0725550344323792
"599","15511000",1992,279.464480874317,-0.970539382803771,0.0757018633484322
"600","15511000",1993,250.734246575342,1.21374590028491,0.0632255164272565
"601","15511000",1994,252.627397260274,0.946754881035951,-0.0739571109116596
"602","15511000",1995,231.257534246575,0.136832265348898,0.181996393481839
"603","15511000",1996,192.77868852459,-1.02603814175559,-0.0229638067552717
"604","15511000",1997,102.72602739726,-0.490636648444666,-0.24525497031217
"605","15511000",1998,133.901369863014,0.486211328001486,-0.00839688295317409
"606","15511000",1999,118.528767123288,-0.919570383139782,-0.17475148275003
"607","15511000",2000,234.010928961749,-0.850780535944634,0.185062988669637
"608","15511000",2001,187.506849315069,1.53801746993429,-0.162268909161341
"609","15511000",2002,227.546575342466,-0.349979432134165,0.208447989851185
"610","15511000",2003,270.75397260274,1.73151432801452,0.147014634216773
"611","15511000",2004,181.599180327869,0.681212572546469,-0.139126784169477
"612","15511000",2005,241.397260273973,1.29501923252311,0.238656952510226
"613","15511000",2006,197.369863013699,-0.66949367692901,-0.0794802759786964
"614","15511000",2007,152.382739726027,-0.34248874257836,0.0309549161840954
"615","15511000",2008,204.112295081967,-0.199154602198137,0.141546675157992
"616","15511000",2009,168.001643835616,-0.967871881234977,-0.0542324531525892
"617","15511000",2010,109.905753424658,0.839787341198988,-0.254912809935761
"618","15511000",2011,177.076712328767,-0.254320866573188,0.0468695835818329
"619","15511000",2012,160.903005464481,-0.523539445507857,-0.041708876457738
"620","15511000",2013,151.41095890411,-1.50252093047731,-0.037686481297068
"621","15514000",1984,1539.20765027322,-0.45547063962246,0.0141967901785393
"622","15514000",1985,1581.86301369863,-0.409854782776286,0.25251277028389
"623","15514000",1986,1404.67945205479,-0.32804271892334,-0.0884512421849649
"624","15514000",1987,1121.41369863014,1.22934079850093,-0.269058561218359
"625","15514000",1988,1046.03551912568,1.65411759102717,0.00855042401817629
"626","15514000",1989,1156.48767123288,-0.480886929389089,-0.107793873286573
"627","15514000",1990,1295.36164383562,-0.212388786828766,0.187922437564703
"628","15514000",1991,1832.84931506849,0.0554733741718034,0.00743699446902613
"629","15514000",1992,1485.49180327869,-0.916479626701524,0.0864597663419165
"630","15514000",1993,1432.88493150685,1.4173885453182,0.0829981420014519
"631","15514000",1994,1508.54794520548,1.29058594191447,-0.127138917134532
"632","15514000",1995,1579.18082191781,0.26016361201182,0.0988775031156062
"633","15514000",1996,1096.20218579235,-0.823633966998508,-0.0232618921766213
"634","15514000",1997,737.627397260274,-0.618727130846431,-0.222359467020336
"635","15514000",1998,914.668493150685,0.335686332825571,0.0143278199694274
"636","15514000",1999,804.709589041096,-1.15163268214092,-0.156355266880322
"637","15514000",2000,1574.30327868852,-0.80113413684691,0.0662765186920297
"638","15514000",2001,1215.09315068493,1.51897988403216,-0.121246939014721
"639","15514000",2002,1600.34246575342,-0.385398957288514,0.100161921743226
"640","15514000",2003,1710.31232876712,1.69830844175691,0.138887666132844
"641","15514000",2004,1085.67486338798,0.657086993226161,-0.105391599658954
"642","15514000",2005,1331.32602739726,1.39179349625483,0.20840341214207
"643","15514000",2006,1224.54794520548,-0.764377254402886,-0.0444220765047552
"644","15514000",2007,1016.08767123288,-0.307675881342341,0.0526035790157039
"645","15514000",2008,1265.62841530055,-0.402250958637645,0.169100755094162
"646","15514000",2009,1133.27945205479,-1.16414235162859,-0.0699158200237434
"647","15514000",2010,818.564383561644,0.561180151347071,-0.133110159808227
"648","15514000",2011,1330.51506849315,-0.461205956557145,0.0635367888472198
"649","15514000",2012,1174.37158469945,-0.531224164521943,-0.0588321904205562
"650","15514000",2013,1042.87945205479,-1.8555782369338,-0.024915284277328
"651","15515500",1984,25442.0765027322,-0.638244713294423,-0.0406466460424578
"652","15515500",1985,27701.3698630137,-0.680196290163117,0.146384756365377
"653","15515500",1986,25055.0684931507,0.137262816282196,0.0313687479485655
"654","15515500",1987,22478.6301369863,1.08368329864202,-0.226818820894954
"655","15515500",1988,26025.1366120219,1.4376116668702,-0.118398209438763
"656","15515500",1989,26872.0547945205,-0.735219304708557,-0.110987106053573
"657","15515500",1990,27648.7397260274,-0.480065787780202,0.227374817218838
"658","15515500",1991,26258.3561643836,0.0737604946415455,-0.0609651313732481
"659","15515500",1992,25610.9289617486,-1.37144577001325,-0.112164840748948
"660","15515500",1993,26353.1506849315,0.972934360357208,0.115147999772388
"661","15515500",1994,25098.3561643836,2.27792007729618,-0.0993182920178192
"662","15515500",1995,25348.4931506849,-0.0594617376207478,0.014223203347582
"663","15515500",1996,19753.825136612,-1.31627866123906,-0.0698616745519555
"664","15515500",1997,23698.6301369863,-0.608989144313253,-0.288711369975418
"665","15515500",1998,19915.6164383562,0.55102826660085,0.239216488604951
"666","15515500",1999,21593.9726027397,-1.0057923395911,-0.155470820169689
"667","15515500",2000,25421.5846994536,-1.35523933663757,-0.073057720463516
"668","15515500",2001,26056.7123287671,1.30794881289411,-0.142240546669604
"669","15515500",2002,26472.3287671233,-0.360467399108327,0.0369263194863582
"670","15515500",2003,25150.9589041096,1.76950998795736,0.348923221592688
"671","15515500",2004,26931.1475409836,0.710203616000298,-0.0721350570157584
"672","15515500",2005,27662.1917808219,1.29649074877509,0.165880188940921
"673","15515500",2006,24032.3287671233,-0.408846581923879,0.0157425347456915
"674","15515500",2007,24867.8082191781,0.013503779398484,0.062936898915925
"675","15515500",2008,23252.4590163934,-0.0424884805559285,0.106067705252725
"676","15515500",2009,22823.2876712329,-1.08599369222712,0.0163983876247787
"677","15515500",2010,24588.2191780822,0.846849396876577,-0.0931363944222944
"678","15515500",2011,25430.4109589041,-0.0955122261722057,-0.0011199778204577
"679","15515500",2012,24882.2404371585,-0.660617684272843,0.0743482578287108
"680","15515500",2013,26142.4657534247,-1.57384817297053,0.0640930800129557
"681","15565447",1984,231674.863387978,-0.677118098653025,-0.330172914895229
"682","15565447",1985,239813.698630137,-0.451301530914174,-0.0293610361792768
"683","15565447",1986,231224.657534247,0.522452815456523,-0.246217832861779
"684","15565447",1987,223446.575342466,0.829888020041916,-0.388785774392697
"685","15565447",1988,218833.333333333,0.114749783360296,-0.196990404782506
"686","15565447",1989,225580.821917808,-0.468266244646576,0.184702836714374
"687","15565447",1990,235627.397260274,-0.573401295559274,0.0733440699599063
"688","15565447",1991,249246.575342466,0.404783670190308,0.360950274509378
"689","15565447",1992,239554.644808743,-1.49437181742655,-0.317410958814435
"690","15565447",1993,240589.04109589,0.908487855477465,0.204887663441089
"691","15565447",1994,253734.246575342,0.595399808469746,0.0788385980995373
"692","15565447",1995,218479.452054795,0.151100808464818,-0.0835211766340459
"693","15565447",1996,209136.98630137,0.116033001823558,-0.200333336251788
"694","15565447",2002,210558.904109589,-0.0427252013650206,-0.0735167077509686
"695","15565447",2003,236419.178082192,2.05853159634603,0.0364276066344853
"696","15565447",2004,211392.076502732,1.4445097213818,0.0952970498474316
"697","15565447",2005,255189.04109589,1.61791652846667,0.109936906141229
"698","15565447",2006,252112.328767123,-0.870094782031245,-0.05161042996527
"699","15565447",2007,213716.438356164,0.970522199157211,0.149823961895891
"700","15565447",2008,231380.87431694,-0.743232842203644,0.166851512583283
"701","15565447",2009,231816.438356164,-0.996342734413015,0.166472058238772
"702","15565447",2010,205746.575342466,-0.255725814319319,-0.0415594061293328
"703","15565447",2011,227019.178082192,-0.00745297066039519,-0.07065533400358
"704","15565447",2012,247937.158469945,-2.14934925826059,0.226773545883285
"705","15565447",2013,231505.479452055,-0.788998038487302,0.0360212507269656
"706","15747000",1985,763.024657534247,-0.51932269723879,-0.131917999495959
"707","15747000",1986,919.52602739726,0.321721055689785,0.109737237972311
"708","15747000",1987,530.835616438356,0.521643455906046,-0.233016846295343
"709","15747000",1988,907.887978142076,0.802752014083994,-0.101908589462336
"710","15747000",1989,1805.87671232877,0.248043433907959,0.17240332185239
"711","15747000",1990,1227.60273972603,-0.764750941511657,0.0514428565304519
"712","15747000",1991,864.734246575342,-0.266733431733317,0.00375839937736999
"713","15747000",1992,733.524590163934,-1.67827584735221,-0.0897645950912395
"714","15747000",1993,1315.39452054795,-0.155082766132223,-0.017535113168156
"715","15747000",1994,1796.47397260274,-0.00180922341015588,0.244999195079112
"716","15747000",1995,871.479452054794,-0.109176798578765,-0.0972229367096185
"717","15747000",1996,930.251366120219,-0.628718101895518,0.0442512824846845
"718","15747000",1997,732.419178082192,0.315783019943369,0.0607348521576366
"719","15747000",1998,1244.69589041096,0.90385142573052,0.253893429974818
"720","15747000",1999,687.712328767123,-0.3800510008302,-0.159563981676992
"721","15747000",2000,999.77868852459,-1.47598952444063,0.0802038156142871
"722","15747000",2001,1020.30410958904,1.20221459476484,-0.0116183174748181
"723","15747000",2002,812.794520547945,-0.529255791422393,-0.0754591335827072
"724","15747000",2003,848.853698630137,1.60168068218562,0.00466988353938269
"725","15747000",2004,1035.12841530055,1.55027784514758,0.0719931683839402
"726","15747000",2005,1169.7397260274,1.27225545653039,0.100356136078739
"727","15747000",2006,1137.75068493151,-1.19487212490704,-0.0737865971375464
"728","15747000",2007,661.145205479452,1.2832473229203,-0.16876140708466
"729","15747000",2008,645.601366120219,-0.172072772102224,-0.261737732897099
"730","15747000",2009,854.504109589041,-0.665753885027435,0.0179251158635856
"731","15747000",2010,460.002739726027,0.993044690373871,-0.129824103536602
"732","15747000",2011,1049.6904109589,0.892757392012411,-0.14497253801415
"733","15747000",2012,1324.56557377049,-1.41006306202875,0.404798079222544
"734","15747000",2013,1217.64109589041,-0.9067611037857,0.0401744183799665
"735","15896000",1984,1430.92076502732,-1.71895845602784,-0.00724636062772738
"736","15896000",1985,726.528767123288,-1.46041702226632,-0.0743398175678319
"737","15896000",1986,1523.65205479452,-0.622825770287049,-0.0741987606924441
"738","15896000",1987,1166.31232876712,-1.50545786689553,-0.0582757275344597
"739","15896000",1988,1263.36885245902,0.225425835740236,0.00138322731686963
"740","15896000",1989,2127.21369863014,0.993692230474618,0.110380971824957
"741","15896000",1990,848.123287671233,-0.52371806771391,-0.0605350394215849
"742","15896000",1991,1028.97260273973,-1.42229488860402,-0.00424862526771091
"743","15896000",1992,1212.43989071038,-1.65923985710574,-0.047095374804404
"744","15896000",1993,1437.6602739726,0.837095848015613,-0.0126256874245074
"745","15896000",1994,1283.01917808219,0.628301688821781,0.0490557483293944
"746","15896000",1995,1538.59452054795,-0.0495192097706916,0.040053656966322
"747","15896000",1996,1639.09836065574,0.563892723412978,0.00796715110126472
"748","15896000",1997,2226.91780821918,-0.225975204217765,0.0355259566774799
"749","15896000",1998,1168.98082191781,1.90265589087374,-0.0178564491785235
"750","15896000",1999,1265.18082191781,0.190767428568668,0.0811943970827593
"751","15896000",2000,1667.52459016393,-1.32583404949142,-0.0343077406080232
"752","15896000",2001,1389.30410958904,-0.0561069833321692,-0.0256276512311564
"753","15896000",2002,1679.42191780822,-0.00716963282061833,0.0650623312892599
"754","15896000",2003,1618.4301369863,1.13309320439067,0.0172170633657111
"755","15896000",2004,1822.16120218579,-0.0255920774820773,0.0323018619687193
"756","15896000",2005,1225.65205479452,0.225978107543456,-0.0687149436937438
"757","15896000",2006,1283.96616438356,0.216614694686401,0.0291767474470867
"758","15896000",2007,754.697808219178,0.831648639134235,-0.157315681978232
"759","15896000",2008,744.551912568306,0.921852341584033,-0.0593084164998597
"760","15896000",2009,1618.01452054795,0.243329595815805,0.0825228365345134
"761","15896000",2010,1362.74657534247,1.24763058750994,-0.0178422866337415
"762","15896000",2011,1261.74450549451,1.21946031976905,-0.00867778153883084
"763","15896000",2012,1226.8306010929,-0.555242308684521,0.0628123143894805
"764","15896000",2013,2420.09726027397,-0.223087741641534,0.113562080408964
"765","15908000",1984,1265.9781420765,-1.54581494664566,0.00389316151591224
"766","15908000",1985,1093.47671232877,-1.27342410669145,-0.0795073146647256
"767","15908000",1986,1281.92876712329,-0.661491429164178,-0.0475963945371202
"768","15908000",1987,1699.18630136986,-0.853971441628204,-0.0365407915346118
"769","15908000",1988,1280.90983606557,1.03812357251429,0.0126488213556715
"770","15908000",1989,1596.31780821918,0.385131284242703,0.0912344463609366
"771","15908000",1990,1149.72054794521,-0.302228823656009,-0.0716183581260136
"772","15908000",1991,1310.58082191781,-0.824540799214608,-0.0227979056718242
"773","15908000",1992,1865.47267759563,-1.31034997637487,-0.0665421648752979
"774","15908000",1993,1905.71232876712,0.648201928122177,0.0164950573946246
"775","15908000",1994,1693.98630136986,-0.709804450824029,0.0208832694657354
"776","15908000",1995,2073.2904109589,0.418777788326972,0.0738600506576606
"777","15908000",1996,1694.34426229508,-0.211459343983895,0.0241616373079725
"778","15908000",1997,2001.98082191781,0.206992004956637,0.0998600387764681
"779","15908000",1998,1782,1.52115818139994,-0.0576591210620891
"780","15908000",1999,2004.67671232877,0.182957932001187,0.0364428664066104
"781","15908000",2000,1621.78961748634,-1.21944918767032,-0.0189687899805399
"782","15908000",2001,1463.44109589041,0.118755583609973,-0.0532598385147544
"783","15908000",2002,1491.72602739726,-0.0497671468597307,0.100194584746431
"784","15908000",2003,2147.38082191781,1.28804295723223,0.119565639813017
"785","15908000",2004,1915.15846994536,0.557354728029006,0.00889522521497887
"786","15908000",2005,1081.77534246575,0.809948617861504,-0.144484634963899
"787","15908000",2006,1517.46575342466,-0.139111263408429,0.0321645207522023
"788","15908000",2007,1085.54794520548,1.0038686838208,-0.222686869079351
"789","15908000",2008,1092.4262295082,0.167445828165446,-0.0118280383628896
"790","15908000",2009,1875.0602739726,-0.262800798171924,0.0990123958456227
"791","15908000",2010,1931.84931506849,1.49794425283455,0.0255372268277117
"792","15908000",2011,1358.19726027397,1.01947498783055,-0.0281996576296579
"793","15908000",2012,1704.43989071038,-0.661024069144494,0.113470940397949
"794","15908000",2013,2025.3397260274,-0.838940547510154,-0.0166300038367303
