15024800,1984,0.0754351911704161,-0.845353828039435
15024800,1985,-0.727695485178588,-0.218159920142757
15024800,1986,-0.725163072570123,-0.521557655102677
15024800,1987,0.482245256280941,1.77129975342088
15024800,1988,0.234249035294892,0.703474535379144
15024800,1989,0.0191747692982771,-1.69100025412109
15024800,1990,0.583205414092583,-0.00371460732486639
15024800,1991,-0.777868469778655,0.511674119863244
15024800,1992,0.323544700717968,2.27037707351976
15024800,1993,-0.244831646704632,-0.993956671324042
15024800,1994,0.366636693255148,1.9048883655005
15024800,1995,0.421285653885247,-1.45199986911482
15024800,1996,-0.942477698349911,-0.852464076048799
15024800,1997,0.25550255157157,-1.72127187864648
15024800,1998,0.918728182490709,-0.49940783398019
15024800,1999,-0.39467321855223,0.650515748891564
15024800,2000,0.162532786305787,1.91154264791144
15024800,2001,-0.111482419296064,0.420829210513167
15024800,2002,-0.78293378549214,-0.353227671153016
15024800,2003,0.678154900447569,-1.08617461340295
15024800,2004,0.899073675052366,-0.213232682314185
15024800,2005,0.613368088777902,0.497365250024529
15024800,2006,-0.0141280284824052,0.990244481795363
15024800,2007,-0.66893400770819,0.5745016672545
15024800,2008,-0.711551811147688,0.244599733584456
15024800,2009,-0.317344238583205,0.120528026256295
15024800,2010,0.924763977305136,-1.21618098633157
15024800,2011,-0.640340139690993,0.5433328686489
15024800,2012,-0.285803452356615,0.185105854107274
15024800,2013,0.387326597944937,-1.63257678962416
15052500,1984,0.349351200451039,-2.2466309696229
15052500,1985,-0.770733594408052,0.0281210710811948
15052500,1986,-0.52364653300287,-0.646823071419364
15052500,1987,0.410950251409991,1.45261728467627
15052500,1988,0.410633956878963,0.691054957132373
15052500,1989,0.154159973551415,-1.49035924037712
15052500,1990,0.452008439093414,0.212086297095651
15052500,1991,-0.794376678278462,1.17140412034674
15052500,1992,0.338918450774832,2.36182894013408
15052500,1993,0.426572964081748,-0.965121013898816
15052500,1994,0.362409353742583,0.896154917300576
15052500,1995,-0.122249205420829,-1.23897956110951
15052500,1996,-0.86625434037091,-0.699509146788882
15052500,1997,0.0809032375510368,-1.18278152046518
15052500,1998,0.799404691149377,-1.022557400643
15052500,1999,-0.415498206526455,0.784573472560281
15052500,2000,0.195165262112601,0.985760308326119
15052500,2001,0.493745138734165,-0.00180963971134673
15052500,2002,-0.543282173087613,-1.09253656166709
15052500,2003,0.729456958536886,-0.199802471179929
15052500,2004,0.92911405413308,-0.782087905187574
15052500,2005,0.97433620677847,1.56153454087261
15052500,2006,-0.111005941540417,1.66706639232321
15052500,2007,-0.883764758219736,0.219570137084359
15052500,2008,-0.877703378111538,0.602561788778338
15052500,2009,-0.627360194435136,0.330878830970162
15052500,2010,0.608542373269382,-1.89509012597717
15052500,2011,-0.71452734819096,-0.142860773185062
15052500,2012,-0.20655732801598,1.17394715251608
15052500,2013,-0.258712832640029,-0.5322108099651
15072000,1984,-0.0389353327453144,-0.304588809609413
15072000,1985,-0.834703573832909,-0.721839025616646
15072000,1986,-0.789381914337477,-1.58308479686578
15072000,1987,0.402691076944271,2.22860069572926
15072000,1988,0.0141101983686287,1.47243756552537
15072000,1989,0.136423325290282,-2.87553319831689
15072000,1990,0.607984839131435,0.296377902229626
15072000,1991,-0.910106946279606,0.0790740499893818
15072000,1992,0.546195021023353,2.85715954005718
15072000,1993,0.402044274657964,-2.02157043914
15072000,1994,0.60599891419212,0.378666684031487
15072000,1995,0.413497011611859,-3.09763536353906
15072000,1996,-0.548361191401879,-1.33008253077666
15072000,1997,-0.109925188620886,-0.311008130510649
15072000,1998,0.727513852963845,-1.25580516954263
15072000,1999,-0.610552558551232,0.683056637644768
15072000,2000,-0.229397405435642,2.09282551705837
15072000,2001,-0.279211599876484,1.63502683738867
15072000,2002,-0.718329035242399,0.240822816888491
15072000,2003,0.778168251862128,-0.401473437746366
15072000,2004,0.83188312202692,0.0826905816793442
15072000,2005,0.619416406502325,1.56240120033423
15072000,2006,-0.162078757335743,1.26379297673702
15072000,2007,-0.507345861941577,1.18163228531678
15072000,2008,-0.850167058284084,0.314136251807213
15072000,2009,-0.23071272596717,-0.0279865016539897
15072000,2010,0.754934910188118,-2.05666261414687
15072000,2011,-0.29485373745362,1.30241972704728
15072000,2012,-0.306083254391949,0.380048101147015
15072000,2013,0.579284936934709,-2.06389935314655
15085100,1984,0.0386715350258688,-0.399719514076908
15085100,1985,-0.736686771839029,-0.363074091697732
15085100,1986,-0.704007982690301,-1.05044468007982
15085100,1987,0.473794705441429,1.30656781035165
15085100,1988,0.0025464164920983,1.08253898459176
15085100,1989,0.170654899647666,-1.41189523426195
15085100,1990,0.525819730531011,-0.333340543136001
15085100,1991,-0.961117906599409,0.204799555117885
15085100,1992,0.43265144702875,1.64749779539804
15085100,1993,0.295631755039924,-0.924941497668624
15085100,1994,0.456682500015531,0.22560986119012
15085100,1995,0.365989085804258,-1.67767589055002
15085100,1996,-0.505284312595095,-0.607691603526473
15085100,1997,-0.0384870998354421,-0.352139977241555
15085100,1998,0.104213135213488,-0.553445664669076
15085100,1999,-0.623317657142049,0.363732260838151
15085100,2000,-0.221728189641403,1.23128472007811
15085100,2001,-0.168726944157647,0.885923864816626
15085100,2002,-0.648426891097592,-0.396590458974242
15085100,2003,0.886212176850274,-0.191122887159387
15085100,2004,0.958418445558184,0.142989647760987
15085100,2005,0.743786470861071,0.554099721089005
15085100,2006,-0.0820406508735481,0.850474975878994
15085100,2007,-0.338643457223143,0.530655058597525
15085100,2008,-0.815782136697735,-0.0269411580016214
15085100,2009,-0.131253419547445,-0.647735543673237
15085100,2010,0.650756450266474,-1.28230296336114
15085100,2011,-0.269853465983437,1.1342514578253
15085100,2012,-0.425674130622711,0.932794295127193
15085100,2013,0.565202262769971,-0.874158300583561
15238648,1984,0.87690316994364,0.583511755863825
15238648,1985,-0.305196799493084,-0.238465586304665
15238648,1986,-0.51381344612067,-0.7623389651378
15238648,1987,0.969964372459799,1.86346287131309
15238648,1988,0.358266504947096,1.06114445726077
15238648,1989,-0.517047745641321,-0.731430926918983
15238648,1990,-0.34147546455885,-0.307569254438083
15238648,1991,-0.735925687011332,-0.73417862902085
15238648,1992,-1.02906371420249,-0.6416755904754
15238648,1993,1.00678875281786,0.168253601590792
15238648,1994,0.5642205599385,-0.205716663599014
15238648,1995,-0.495523361023516,0.809140623609225
15238648,1996,-0.0897324757340057,-1.66494849473238
15238648,1997,0.192267293576151,-0.80075971186161
15238648,1998,0.0407471630411842,0.802640091379484
15238648,1999,-0.791796527492503,-0.650484719872475
15238648,2000,-0.226423241353283,-0.282931267221769
15238648,2001,1.44014472747222,1.65636200805505
15238648,2002,-0.424984025613715,-0.551236702998479
15238648,2003,1.9813024077254,1.45483896235625
15238648,2004,0.731211396399885,-0.33367899954319
15238648,2005,1.52133081589515,0.553679407636325
15238648,2006,-0.340158494965484,-0.12347163160642
15238648,2007,-0.901184854563326,-0.629181682070096
15238648,2008,-0.761640861319999,0.802605550487836
15238648,2009,-0.790137887156258,-1.30562064945698
15238648,2010,0.421540282511462,0.147504131992658
15238648,2011,-0.457414530372868,-0.310089040795962
15238648,2012,-1.426447786546,1.10010464092096
15238648,2013,0.0432794564403594,-0.729469586412112
15238990,1984,0.87690316994364,0.583511755863825
15238990,1985,-0.305196799493084,-0.238465586304665
15238990,1986,-0.51381344612067,-0.7623389651378
15238990,1987,0.969964372459799,1.86346287131309
15238990,1988,0.358266504947096,1.06114445726077
15238990,1989,-0.517047745641321,-0.731430926918983
15238990,1990,-0.34147546455885,-0.307569254438083
15238990,1991,-0.735925687011332,-0.73417862902085
15238990,1992,-1.02906371420249,-0.6416755904754
15238990,1993,1.00678875281786,0.168253601590792
15238990,1994,0.5642205599385,-0.205716663599014
15238990,1995,-0.495523361023516,0.809140623609225
15238990,1996,-0.0897324757340057,-1.66494849473238
15238990,1997,0.192267293576151,-0.80075971186161
15238990,1998,0.0407471630411842,0.802640091379484
15238990,1999,-0.791796527492503,-0.650484719872475
15238990,2000,-0.226423241353283,-0.282931267221769
15238990,2001,1.44014472747222,1.65636200805505
15238990,2002,-0.424984025613715,-0.551236702998479
15238990,2003,1.9813024077254,1.45483896235625
15238990,2004,0.731211396399885,-0.33367899954319
15238990,2005,1.52133081589515,0.553679407636325
15238990,2006,-0.340158494965484,-0.12347163160642
15238990,2007,-0.901184854563326,-0.629181682070096
15238990,2008,-0.761640861319999,0.802605550487836
15238990,2009,-0.790137887156258,-1.30562064945698
15238990,2010,0.421540282511462,0.147504131992658
15238990,2011,-0.457414530372868,-0.310089040795962
15238990,2012,-1.426447786546,1.10010464092096
15238990,2013,0.0432794564403594,-0.729469586412112
15239050,1984,0.883303707910495,0.737101287394762
15239050,1985,-0.378563374146405,-0.214976548403501
15239050,1986,-0.52611806726911,-0.637399041901032
15239050,1987,1.02938678874117,1.36368242477377
15239050,1988,0.378021883602357,0.768066133807103
15239050,1989,-0.536078536127591,-0.542743637412786
15239050,1990,-0.361864765350603,-0.216919719427824
15239050,1991,-0.753410051131828,-0.753345265239477
15239050,1992,-1.11945101853667,-0.577633380144834
15239050,1993,0.978286825254973,0.111429786433776
15239050,1994,0.58267083529176,-0.22155513788263
15239050,1995,-0.538779852156424,0.720237901558479
15239050,1996,-0.127221462492728,-1.36525971119603
15239050,1997,0.177145826454378,-0.75134587213397
15239050,1998,0.0502001520349747,0.547073653091987
15239050,1999,-0.791237768893027,-0.42733773017923
15239050,2000,-0.24017896986463,-0.273936757693688
15239050,2001,1.5131077792599,1.34838953688741
15239050,2002,-0.419254588449581,-0.456389036526283
15239050,2003,2.08051764481804,1.30771238679687
15239050,2004,0.743037747974611,-0.174062089870374
15239050,2005,1.58386798961502,0.445732812831799
15239050,2006,-0.315610878035012,-0.108323483914137
15239050,2007,-0.905882996682906,-0.503258999933799
15239050,2008,-0.751436265671833,0.776863103856643
15239050,2009,-0.824099016551756,-1.01996698901057
15239050,2010,0.479430876806792,0.0867944665253164
15239050,2011,-0.451244925945583,-0.394530389954646
15239050,2012,-1.43660325605629,0.858143375068903
15239050,2013,-0.00194226440249223,-0.432243078202009
15239070,1984,0.872089470759965,0.472839088572397
15239070,1985,-0.396967892511748,-0.0901700269844796
15239070,1986,-0.523575069669945,-0.448712471789784
15239070,1987,1.05070217786512,0.874676735533609
15239070,1988,0.40401107602908,0.539721944762601
15239070,1989,-0.52914955681966,-0.295772276735968
15239070,1990,-0.322672302190525,-0.0882411859101717
15239070,1991,-0.736831848486327,-0.535018234120475
15239070,1992,-1.0078855569552,-0.3681565038032
15239070,1993,0.906714591220952,0.0439652788970206
15239070,1994,0.613151754275895,-0.171744596130318
15239070,1995,-0.517315948669178,0.454761707617177
15239070,1996,-0.163959631983501,-0.913756110933092
15239070,1997,0.161923528051314,-0.572079729206032
15239070,1998,0.0253097641825053,0.367053189708127
15239070,1999,-0.858548856937948,-0.262491525378492
15239070,2000,-0.298965240184528,-0.18594409144587
15239070,2001,1.50907422635549,0.879771497183376
15239070,2002,-0.420143733088238,-0.324642393655247
15239070,2003,2.08261872613026,0.901178925070498
15239070,2004,0.729185405210591,-0.0585993080503409
15239070,2005,1.60844151709074,0.31084917369816
15239070,2006,-0.296356786950491,-0.0870932153529589
15239070,2007,-0.912401462260944,-0.437332946724362
15239070,2008,-0.701252235386831,0.541755983067884
15239070,2009,-0.847491646472675,-0.658869064019786
15239070,2010,0.497721287445165,-0.0249326489037935
15239070,2011,-0.472205891871515,-0.240357827312416
15239070,2012,-1.42312161591059,0.569822588397397
15239070,2013,-0.0320982482672361,-0.192481956051455
15258000,1984,0.574347794397423,0.0960683488649214
15258000,1985,-0.552082488592714,-0.0284525216815785
15258000,1986,-0.252775193471462,-0.0371254209377285
15258000,1987,1.2145382566688,0.44802720981857
15258000,1988,0.728547563496977,0.28248244847378
15258000,1989,-0.925159126178672,-0.0204501456529316
15258000,1990,-0.383814781562736,0.161730822305092
15258000,1991,-0.731510683552673,-0.286519004523547
15258000,1992,-0.455502917027722,-0.141523212065092
15258000,1993,0.651539343440284,0.238883345206786
15258000,1994,0.969404658023268,-0.155833876251967
15258000,1995,-0.418238435840855,0.185445044319042
15258000,1996,-0.532574216183275,-0.657322275633406
15258000,1997,0.0669036212998129,-0.328235166638883
15258000,1998,0.165131142083555,-0.0411000002123829
15258000,1999,-1.05215769972031,-0.136504941801023
15258000,2000,-0.187447124129782,-0.118324311320773
15258000,2001,1.88864374070739,0.321659144143471
15258000,2002,-0.589285425500324,-0.339988582948637
15258000,2003,2.16411358152206,0.532704182098516
15258000,2004,0.585828995052725,-0.286288977781725
15258000,2005,1.52036651506399,0.0549662499429866
15258000,2006,-0.438067396140347,-0.000730063636890543
15258000,2007,-0.99538198079293,-0.28660995251913
15258000,2008,-0.467557999895265,0.323514800648102
15258000,2009,-0.975843508696805,-0.439431237548383
15258000,2010,0.681468119565397,0.0312792734605158
15258000,2011,-0.58434743648395,0.0198216911457065
15258000,2012,-1.25102463330453,0.614989210049518
15258000,2013,-0.418062284247329,-0.0071320793229257
15266300,1984,0.583481662482437,0.00949414054759679
15266300,1985,-0.836876597990178,0.0623414005359841
15266300,1986,-0.578947302688741,-0.117294627127962
15266300,1987,1.31484480004551,0.0734634993494385
15266300,1988,0.721665186693685,-0.0672521804252433
15266300,1989,-0.739686704665008,0.218243734714472
15266300,1990,-0.284888920177602,0.219209215096716
15266300,1991,-0.863860624024851,-0.111086073838588
15266300,1992,-0.506446865190648,-0.0976153620311784
15266300,1993,0.65795721102299,0.0999258158625
15266300,1994,0.90193729898375,-0.213013190972722
15266300,1995,-0.426419170687182,0.346957438739224
15266300,1996,-0.522617982814295,-0.353978876841979
15266300,1997,-0.0445283401033114,-0.238229712667978
15266300,1998,0.261493924270487,-0.0681569733449983
15266300,1999,-0.95735556581575,0.0131094913205339
15266300,2000,-0.352939250061495,-0.0649440352597999
15266300,2001,1.90200129450402,-0.00265676920405689
15266300,2002,-0.64020649789729,-0.104726508456386
15266300,2003,2.34400156811915,0.185116174123767
15266300,2004,0.405364844213343,0.0644024645806187
15266300,2005,1.61483628229342,0.33220265413531
15266300,2006,-0.274196015784724,0.0910337850968872
15266300,2007,-0.64903254011232,-0.272227964560605
15266300,2008,-0.298327174772405,0.108146507096373
15266300,2009,-1.17194543976544,-0.302254180310087
15266300,2010,0.841975085944351,-0.149919235654589
15266300,2011,-0.569273041675074,-0.055935827590939
15266300,2012,-1.3267667561666,0.318929858309113
15266300,2013,-0.505244368180219,0.0767153387785786
15276000,1984,0.732927804957661,-0.0735918107287337
15276000,1985,-0.630138242472377,-0.0740493993119646
15276000,1986,-0.286275371143387,-0.127548388283079
15276000,1987,1.0700595634886,-0.0696023526446272
15276000,1988,0.699070071946416,-0.0269247291143984
15276000,1989,-0.800416712193853,0.338063008074338
15276000,1990,0.0267495470949346,0.249142235998685
15276000,1991,-0.845208964476155,-0.100808800275748
15276000,1992,-0.685014569366144,-0.0144125171160947
15276000,1993,0.614014839898381,0.0528330237139016
15276000,1994,0.738842254649434,-0.21400752516153
15276000,1995,-0.408132964600291,0.223774283115442
15276000,1996,-0.53064814630068,-0.377600786974654
15276000,1997,-0.00662231865442453,0.0378753321710974
15276000,1998,-0.018496567238536,-0.0495182077866048
15276000,1999,-1.08397710246758,0.0694816636387259
15276000,2000,-0.320419793803659,0.128575928742066
15276000,2001,1.46145776487473,-0.132625678942228
15276000,2002,-0.450420736500786,0.0158343863828729
15276000,2003,2.22573837217771,-0.182380915697043
15276000,2004,0.589220390489532,0.244317139421279
15276000,2005,1.56622079588059,0.12569376352864
15276000,2006,-0.465425982305573,0.129449720416839
15276000,2007,-0.912472441026734,-0.0929204937225829
15276000,2008,-0.431220118432409,-0.123653199290857
15276000,2009,-0.799008612065679,-0.410139520109321
15276000,2010,0.680371945868764,-0.16685381399778
15276000,2011,-0.301837975014415,-0.136099688475952
15276000,2012,-1.11419366223531,0.502024236057575
15276000,2013,-0.314743071028756,0.255673106371735
15292000,1984,0.327689631117715,-0.296603544030546
15292000,1985,-0.733531131512589,0.517064255005163
15292000,1986,-0.443875575231181,-0.230525954041837
15292000,1987,1.02694714648856,0.362933416193765
15292000,1988,0.950280555420452,-0.243461716645915
15292000,1989,-0.752770020729966,0.328381962106667
15292000,1990,-0.290431662566132,1.32274667821928
15292000,1991,-0.713080877231227,0.0131481627881942
15292000,1992,-0.815094971822368,-0.935431974355338
15292000,1993,0.413225050601694,0.352741160393796
15292000,1994,0.751167521708542,-0.20510382674531
15292000,1995,-0.170040194359091,-0.114758236680387
15292000,1996,-0.693715487089422,-0.712068116639016
15292000,1997,0.165761893822087,-0.742710061097104
15292000,1998,0.223028814627065,0.193352035210571
15292000,1999,-0.889625602505273,-0.530178577675381
15292000,2000,-0.542602329618401,0.306513235868058
15292000,2001,1.37650627477302,-0.335449445718485
15292000,2002,-0.570128365523285,0.254053548252624
15292000,2003,2.06992843146953,0.364824855353476
15292000,2004,0.826975748770767,-0.494302112334925
15292000,2005,1.27452791316642,1.11151831997041
15292000,2006,-0.711001739319828,0.368904676562589
15292000,2007,-0.336731368468867,-0.0628749640089357
15292000,2008,-0.0951244425442484,-0.381858389550406
15292000,2009,-0.917012501921919,-0.48545045005675
15292000,2010,0.829339321288798,-0.558106388622481
15292000,2011,-0.181108727223343,-0.378682347982087
15292000,2012,-1.06376859711276,0.731153507059854
15292000,2013,-0.315734708474742,0.480230293200455
15292700,1984,0.424388872798429,-0.273956705112424
15292700,1985,-0.706121449951186,0.519236158351931
15292700,1986,-0.314383934223507,-0.298845732191371
15292700,1987,1.11604137193774,0.409833364581896
15292700,1988,0.894415576970722,-0.113897819299665
15292700,1989,-0.70037121105577,0.538659111679428
15292700,1990,-0.197826688770308,0.900499156138135
15292700,1991,-0.723302603049928,-0.166246798117128
15292700,1992,-0.703385543360168,-0.726056454309987
15292700,1993,0.47646805615837,0.247674441979163
15292700,1994,0.81042510242874,-0.262902964134183
15292700,1995,-0.410774814867829,0.130456736704541
15292700,1996,-0.471857945406292,-0.685620279589461
15292700,1997,0.324566562688495,-0.397505174308187
15292700,1998,0.164729455824838,0.0344915002791417
15292700,1999,-0.797400837425246,-0.241054158885446
15292700,2000,-0.394350869242205,-0.00330712793187971
15292700,2001,1.37872708094979,-0.24878715870695
15292700,2002,-0.619771341764782,0.255141441793077
15292700,2003,2.12027525322564,0.40065211655779
15292700,2004,0.749854862407988,-0.264340238252448
15292700,2005,1.30367545258616,0.89710129402164
15292700,2006,-0.717828711155906,0.22793660165949
15292700,2007,-0.52933169432864,-0.194441295766996
15292700,2008,-0.325651447260235,-0.461639015852577
15292700,2009,-1.04543349671747,-0.544532099345492
15292700,2010,0.541802704052275,-0.42995689459559
15292700,2011,-0.235508770032579,-0.262476826935179
15292700,2012,-1.15503705569491,0.569720433176391
15292700,2013,-0.25703193772222,0.444164386412336
15295700,1984,0.521512463699199,-0.0864867265025779
15295700,1985,-0.287619213951337,-0.201900312801202
15295700,1986,-0.261706618659405,0.518251359959443
15295700,1987,0.856532292994153,1.56321396480004
15295700,1988,0.0396044975405352,0.187565972904364
15295700,1989,-0.216134471886067,-0.473497141897679
15295700,1990,-0.0348612772352577,-0.173569390674432
15295700,1991,-0.425776017897038,0.227027237912019
15295700,1992,-0.303576977990775,-0.173845757544041
15295700,1993,0.463131754902295,-0.72016381174326
15295700,1994,0.512257412629616,1.00982300490141
15295700,1995,-0.295402837984471,0.797779957950115
15295700,1996,0.274455117692964,-1.05815802961588
15295700,1997,0.722170395709367,-0.413178959985574
15295700,1998,0.12861142052441,0.96072458277146
15295700,1999,-1.12606402617465,-0.388177275160949
15295700,2000,-0.597588924758343,-0.812232235570749
15295700,2001,1.12397548363337,0.956597765783469
15295700,2002,-0.56067243535589,0.137279883523782
15295700,2003,1.64079955399761,1.56745924601952
15295700,2004,0.698733270566704,-0.00156371742486971
15295700,2005,1.07336674996445,0.336875399450461
15295700,2006,-0.353827906839757,-0.79975553303957
15295700,2007,-0.851682576728571,-0.568437714874745
15295700,2008,-0.801226405494122,0.804039955635865
15295700,2009,-0.867524777295896,-0.821457772950332
15295700,2010,0.171744896031709,-0.471148152649403
15295700,2011,-0.112066048575151,-0.444970756272475
15295700,2012,-1.24437045374782,-0.869351823627949
15295700,2013,0.113205660688174,-0.588743219276269
15304000,1984,-0.667275606965025,-0.213560418036973
15304000,1985,-0.787745256597797,0.127820359421377
15304000,1986,-0.143218814705809,-0.0366994312162406
15304000,1987,0.97327490709722,-0.0789009222114044
15304000,1988,0.536895380044977,0.0140407872722588
15304000,1989,-0.606336170807481,0.128944435966615
15304000,1990,-0.419820268327991,-0.0331666501833953
15304000,1991,-0.0178902130573988,0.0468143242126746
15304000,1992,-1.52707032797237,-0.274828757591442
15304000,1993,1.28653343580663,0.0404248341943862
15304000,1994,0.784207929546634,0.0172114575928493
15304000,1995,0.214034359281262,-0.0853461947266219
15304000,1996,-0.41366519468526,-0.250298698243892
15304000,1997,0.525675426547726,-0.408113340037461
15304000,1998,-0.180674343680342,0.235812592508996
15304000,1999,-1.23182609615227,-0.0357537429133016
15304000,2000,-0.776738481596112,0.0811939480429931
15304000,2001,1.98048824630678,0.0372784701512299
15304000,2002,0.000518779580791939,0.0144449010206802
15304000,2003,2.24094708822668,0.317014462503398
15304000,2004,1.18976687205335,-0.0515067274345912
15304000,2005,1.90056240124007,0.298563256117308
15304000,2006,-0.685946116223931,-0.050956846646861
15304000,2007,0.406831553205848,0.129571891112978
15304000,2008,-1.06910387612879,-0.184851187713341
15304000,2009,-1.12159790533284,-0.12299947018166
15304000,2010,0.0814978734900556,0.0487872857626321
15304000,2011,-0.154050985351205,-0.0278788592019635
15304000,2012,-1.58941101841629,0.351658254119361
15304000,2013,-0.728863576427102,-0.0347200136605856
15356000,1984,-0.0501976676285265,-0.00864122783791066
15356000,1985,-0.903426894793907,0.115486487988124
15356000,1986,-0.813838928192854,-0.21313312501362
15356000,1987,0.630910864224036,0.0571644897663242
15356000,1988,1.18472792531053,0.0498266893063879
15356000,1989,-0.467390586187442,-0.0659849045241976
15356000,1990,-0.397709180166324,0.0490213439424729
15356000,1991,-0.636293956885735,-0.0756493939461911
15356000,1992,-1.02148884957035,-0.112150908516358
15356000,1993,0.822259854028622,-0.152939984100198
15356000,1994,0.73798280035456,-0.176994968584687
15356000,1995,0.774373243997494,0.525465110869199
15356000,1996,-1.86994738305608,-0.26654823038132
15356000,1997,-0.786510794609785,0.0773793933227555
15356000,1998,1.18356862738729,0.0771688984331882
15356000,1999,-0.645348662386338,-0.142489498860151
15356000,2000,-0.276894499113162,0.222176562615722
15356000,2001,1.35943321461479,-0.00707995122324467
15356000,2002,-0.198036560664574,-0.0209106098925177
15356000,2003,2.2327189527452,-0.0409351438969477
15356000,2004,-0.27381033624212,-0.17986430203568
15356000,2005,0.640908619513114,-0.118621369504318
15356000,2006,0.461058547844489,-0.0241662435298268
15356000,2007,-0.545854220042626,-0.0128155708765715
15356000,2008,-0.0287469717363518,0.118468705806622
15356000,2009,-1.17493138636152,0.0370898677592373
15356000,2010,1.45538337106506,0.184787499028931
15356000,2011,0.32485051030914,0.158877612023045
15356000,2012,0.122579406450192,-0.153664334124834
15356000,2013,-1.84032906020681,0.099677105986565
15453500,1984,-0.991045664995909,-0.0942166581437858
15453500,1985,-0.545590908577045,0.103649485825412
15453500,1986,-0.4321010025839,-0.10343129346131
15453500,1987,0.616551050295433,-0.123844279628085
15453500,1988,1.96042941883206,-0.0341622191790116
15453500,1989,-0.927988113214572,0.0485254215388623
15453500,1990,-0.514401466896136,0.196593235681616
15453500,1991,-0.0915760211646557,0.187855687892847
15453500,1992,-1.33137277886271,-0.155787201163508
15453500,1993,0.425379573057096,0.263511627105537
15453500,1994,0.850130010396243,0.00122706278553875
15453500,1995,0.3007539100945,0.254311904901179
15453500,1996,-1.51622445508838,-0.151251115260756
15453500,1997,-0.487723401437202,-0.184366705198611
15453500,1998,0.788775293777387,-0.0357830114971471
15453500,1999,-0.779167365282774,-0.159454039571412
15453500,2000,-0.65808235729734,-0.0101264800874762
15453500,2001,0.879713861892621,-0.119308102712805
15453500,2002,-0.0530050906042252,0.0322216975504287
15453500,2003,1.43054714674751,0.136542593098097
15453500,2004,1.02637688070536,0.0106602776486802
15453500,2005,1.30588266129295,0.159929003535621
15453500,2006,-0.0605849338074522,-0.0287791947211695
15453500,2007,0.945061235378186,-0.149956761269358
15453500,2008,0.0170647390186787,-0.028958166825113
15453500,2009,-0.819838038335243,0.066766008859041
15453500,2010,0.907687911142906,-0.211882362017867
15453500,2011,-0.113161992281675,0.112019602023227
15453500,2012,-0.657135677834352,0.108590376707111
15453500,2013,-1.47535442436735,-0.0910963944157832
15484000,1984,-0.160773598744224,0.0758589451421156
15484000,1985,-0.340692940944185,0.318451430453246
15484000,1986,-0.150442901843538,-0.0114529581831044
15484000,1987,1.07865374923373,-0.280320689005829
15484000,1988,1.50624496877814,0.120829716129487
15484000,1989,-0.789429856929928,-0.165009380513544
15484000,1990,-0.42732764640823,0.111292934781199
15484000,1991,-0.13572429974253,-0.0408005897977597
15484000,1992,-1.1248888160723,0.0508875559304013
15484000,1993,1.54470238725965,0.0401622118648245
15484000,1994,1.06006744860982,-0.119330768979206
15484000,1995,-0.109386189375073,0.176549029030785
15484000,1996,-1.06737263795609,-0.158743539399519
15484000,1997,-0.0781467791336281,-0.254530413271601
15484000,1998,0.958273407227049,-0.0316984071021176
15484000,1999,-0.489009267184883,-0.147262405178561
15484000,2000,-0.877436403029909,0.205356616331523
15484000,2001,1.49418632329131,-0.168344568656499
15484000,2002,-0.332813008222729,0.163398597194141
15484000,2003,1.84901194165771,0.0751860891067837
15484000,2004,0.139463162825753,-0.0902173294465886
15484000,2005,1.10957872510577,0.0913435814811641
15484000,2006,-0.778186543378979,-0.145323862827435
15484000,2007,-0.621821715030819,0.133834916592524
15484000,2008,-0.50253881374374,0.305211242093032
15484000,2009,-1.38863625982776,-0.00310204360608224
15484000,2010,0.780978954241921,-0.147573845035448
15484000,2011,-0.33393312850967,-0.0499350008334861
15484000,2012,-0.375446978801241,-0.0278774402505304
15484000,2013,-1.43715328335141,-0.0268396240439163
15485500,1984,-0.492911263948514,0.0444753400800336
15485500,1985,-0.434819057231976,0.221239627755454
15485500,1986,-0.321653658793204,-0.0749517051063271
15485500,1987,1.23628844355957,-0.263535077111899
15485500,1988,1.67503438925164,-0.0238862148356727
15485500,1989,-0.355741455799176,-0.120845820648699
15485500,1990,-0.221141511843436,0.205614353946617
15485500,1991,0.106199170504179,-0.00472806022605954
15485500,1992,-0.949318523477349,0.0736940497972278
15485500,1993,1.48447647229251,0.085224910124412
15485500,1994,1.51324309443848,-0.165963927798698
15485500,1995,0.246032700294422,0.0792440146026719
15485500,1996,-0.732735156661107,-0.0410658400997312
15485500,1997,-0.636113717800213,-0.214385212215388
15485500,1998,0.312152569844491,-0.00789149482993201
15485500,1999,-1.28049420778536,-0.18179698650363
15485500,2000,-0.852154439584249,0.0612241035068615
15485500,2001,1.50504515603599,-0.101443009965846
15485500,2002,-0.400468801106844,0.113453209506244
15485500,2003,1.71782799472825,0.17115289216292
15485500,2004,0.661443447425133,-0.02250528123178
15485500,2005,1.41955972249723,0.170443151252241
15485500,2006,-0.804794435347948,-0.0575311530562531
15485500,2007,-0.352953311945829,0.04168194853442
15485500,2008,-0.463567748313977,0.189087047037255
15485500,2009,-1.15698252086424,-0.0859090324672352
15485500,2010,0.518335129175749,-0.0901191699189237
15485500,2011,-0.505277305489613,0.0648138651443232
15485500,2012,-0.494192336644564,-0.0706726007344615
15485500,2013,-1.94031883741005,0.00588207329985591
15493000,1984,-0.156957605243143,-0.013999691615916
15493000,1985,-0.653496899962839,0.254261376574222
15493000,1986,-0.910760997494476,-0.173543023017959
15493000,1987,0.890250038345241,-0.143550389829195
15493000,1988,1.23177685432343,0.0763745595907999
15493000,1989,-1.22283630198282,-0.118229221935487
15493000,1990,-0.710489192367014,0.17369738244969
15493000,1991,-0.119768717647013,0.0780032527839971
15493000,1992,-1.08665750300926,0.000814603879633835
15493000,1993,1.29018159830529,0.0773684740273488
15493000,1994,0.745909898221079,-0.0352814462139375
15493000,1995,0.289454083879375,0.307229229176624
15493000,1996,-0.992006901661969,-0.131220905027456
15493000,1997,0.167798699179871,-0.329833782660878
15493000,1998,0.89548403147815,-0.0562140470474131
15493000,1999,-0.443263849874751,-0.247320953518566
15493000,2000,-0.719551214337763,0.192081483318988
15493000,2001,1.62166991704661,-0.142107336854355
15493000,2002,-0.153379598021921,0.274925050874137
15493000,2003,1.76417807550687,0.242287997394386
15493000,2004,0.767991747696781,-0.245961356980519
15493000,2005,1.43069555981913,0.141631745660884
15493000,2006,-0.688235659162618,0.0501442373937202
15493000,2007,-0.217168960730649,-0.0608426184186505
15493000,2008,-0.437310863296605,-0.0300147524827884
15493000,2009,-0.996406254679378,-0.103441449885981
15493000,2010,1.2055822225805,-0.290867768921372
15493000,2011,-0.287835437814809,0.242598823820137
15493000,2012,-0.747577149431325,-0.00266809613547392
15493000,2013,-1.75726961966397,0.0136786236013803
15511000,1984,-0.265244917778505,0.0149857828691083
15511000,1985,-0.396924666273925,0.294182990521141
15511000,1986,-0.362733693627848,-0.0773331310302537
15511000,1987,1.11522406169938,-0.286667928450172
15511000,1988,1.42455179322925,0.0631494498798727
15511000,1989,-0.832738987315032,-0.122194065558465
15511000,1990,-0.230681510476602,0.161695266606855
15511000,1991,-0.25361272862388,-0.0725550344323792
15511000,1992,-0.970539382803771,0.0757018633484322
15511000,1993,1.21374590028491,0.0632255164272565
15511000,1994,0.946754881035951,-0.0739571109116596
15511000,1995,0.136832265348898,0.181996393481839
15511000,1996,-1.02603814175559,-0.0229638067552717
15511000,1997,-0.490636648444666,-0.24525497031217
15511000,1998,0.486211328001486,-0.00839688295317409
15511000,1999,-0.919570383139782,-0.17475148275003
15511000,2000,-0.850780535944634,0.185062988669637
15511000,2001,1.53801746993429,-0.162268909161341
15511000,2002,-0.349979432134165,0.208447989851185
15511000,2003,1.73151432801452,0.147014634216773
15511000,2004,0.681212572546469,-0.139126784169477
15511000,2005,1.29501923252311,0.238656952510226
15511000,2006,-0.66949367692901,-0.0794802759786964
15511000,2007,-0.34248874257836,0.0309549161840954
15511000,2008,-0.199154602198137,0.141546675157992
15511000,2009,-0.967871881234977,-0.0542324531525892
15511000,2010,0.839787341198988,-0.254912809935761
15511000,2011,-0.254320866573188,0.0468695835818329
15511000,2012,-0.523539445507857,-0.041708876457738
15511000,2013,-1.50252093047731,-0.037686481297068
15514000,1984,-0.45547063962246,0.0141967901785393
15514000,1985,-0.409854782776286,0.25251277028389
15514000,1986,-0.32804271892334,-0.0884512421849649
15514000,1987,1.22934079850093,-0.269058561218359
15514000,1988,1.65411759102717,0.00855042401817629
15514000,1989,-0.480886929389089,-0.107793873286573
15514000,1990,-0.212388786828766,0.187922437564703
15514000,1991,0.0554733741718034,0.00743699446902613
15514000,1992,-0.916479626701524,0.0864597663419165
15514000,1993,1.4173885453182,0.0829981420014519
15514000,1994,1.29058594191447,-0.127138917134532
15514000,1995,0.26016361201182,0.0988775031156062
15514000,1996,-0.823633966998508,-0.0232618921766213
15514000,1997,-0.618727130846431,-0.222359467020336
15514000,1998,0.335686332825571,0.0143278199694274
15514000,1999,-1.15163268214092,-0.156355266880322
15514000,2000,-0.80113413684691,0.0662765186920297
15514000,2001,1.51897988403216,-0.121246939014721
15514000,2002,-0.385398957288514,0.100161921743226
15514000,2003,1.69830844175691,0.138887666132844
15514000,2004,0.657086993226161,-0.105391599658954
15514000,2005,1.39179349625483,0.20840341214207
15514000,2006,-0.764377254402886,-0.0444220765047552
15514000,2007,-0.307675881342341,0.0526035790157039
15514000,2008,-0.402250958637645,0.169100755094162
15514000,2009,-1.16414235162859,-0.0699158200237434
15514000,2010,0.561180151347071,-0.133110159808227
15514000,2011,-0.461205956557145,0.0635367888472198
15514000,2012,-0.531224164521943,-0.0588321904205562
15514000,2013,-1.8555782369338,-0.024915284277328
15515500,1984,-0.638244713294423,-0.0406466460424578
15515500,1985,-0.680196290163117,0.146384756365377
15515500,1986,0.137262816282196,0.0313687479485655
15515500,1987,1.08368329864202,-0.226818820894954
15515500,1988,1.4376116668702,-0.118398209438763
15515500,1989,-0.735219304708557,-0.110987106053573
15515500,1990,-0.480065787780202,0.227374817218838
15515500,1991,0.0737604946415455,-0.0609651313732481
15515500,1992,-1.37144577001325,-0.112164840748948
15515500,1993,0.972934360357208,0.115147999772388
15515500,1994,2.27792007729618,-0.0993182920178192
15515500,1995,-0.0594617376207478,0.014223203347582
15515500,1996,-1.31627866123906,-0.0698616745519555
15515500,1997,-0.608989144313253,-0.288711369975418
15515500,1998,0.55102826660085,0.239216488604951
15515500,1999,-1.0057923395911,-0.155470820169689
15515500,2000,-1.35523933663757,-0.073057720463516
15515500,2001,1.30794881289411,-0.142240546669604
15515500,2002,-0.360467399108327,0.0369263194863582
15515500,2003,1.76950998795736,0.348923221592688
15515500,2004,0.710203616000298,-0.0721350570157584
15515500,2005,1.29649074877509,0.165880188940921
15515500,2006,-0.408846581923879,0.0157425347456915
15515500,2007,0.013503779398484,0.062936898915925
15515500,2008,-0.0424884805559285,0.106067705252725
15515500,2009,-1.08599369222712,0.0163983876247787
15515500,2010,0.846849396876577,-0.0931363944222944
15515500,2011,-0.0955122261722057,-0.0011199778204577
15515500,2012,-0.660617684272843,0.0743482578287108
15515500,2013,-1.57384817297053,0.0640930800129557
15565447,1984,-0.677118098653025,-0.330172914895229
15565447,1985,-0.451301530914174,-0.0293610361792768
15565447,1986,0.522452815456523,-0.246217832861779
15565447,1987,0.829888020041916,-0.388785774392697
15565447,1988,0.114749783360296,-0.196990404782506
15565447,1989,-0.468266244646576,0.184702836714374
15565447,1990,-0.573401295559274,0.0733440699599063
15565447,1991,0.404783670190308,0.360950274509378
15565447,1992,-1.49437181742655,-0.317410958814435
15565447,1993,0.908487855477465,0.204887663441089
15565447,1994,0.595399808469746,0.0788385980995373
15565447,1995,0.151100808464818,-0.0835211766340459
15565447,1996,0.116033001823558,-0.200333336251788
15565447,1997,0.643487089955144,-0.305168055502387
15565447,1998,-0.135347928520706,0.257154544931837
15565447,1999,-1.37416236441996,-0.0876766137856368
15565447,2000,-0.873249486999379,0.065970199299045
15565447,2001,1.52327751028869,0.209527903042423
15565447,2002,-0.0427252013650206,-0.0735167077509686
15565447,2003,2.05853159634603,0.0364276066344853
15565447,2004,1.4445097213818,0.0952970498474316
15565447,2005,1.61791652846667,0.109936906141229
15565447,2006,-0.870094782031245,-0.05161042996527
15565447,2007,0.970522199157211,0.149823961895891
15565447,2008,-0.743232842203644,0.166851512583283
15565447,2009,-0.996342734413015,0.166472058238772
15565447,2010,-0.255725814319319,-0.0415594061293328
15565447,2011,-0.00745297066039519,-0.07065533400358
15565447,2012,-2.14934925826059,0.226773545883285
15565447,2013,-0.788998038487302,0.0360212507269656
15747000,1984,-1.05058331679967,0.0357486991160031
15747000,1985,-0.51932269723879,-0.131917999495959
15747000,1986,0.321721055689785,0.109737237972311
15747000,1987,0.521643455906046,-0.233016846295343
15747000,1988,0.802752014083994,-0.101908589462336
15747000,1989,0.248043433907959,0.17240332185239
15747000,1990,-0.764750941511657,0.0514428565304519
15747000,1991,-0.266733431733317,0.00375839937736999
15747000,1992,-1.67827584735221,-0.0897645950912395
15747000,1993,-0.155082766132223,-0.017535113168156
15747000,1994,-0.00180922341015588,0.244999195079112
15747000,1995,-0.109176798578765,-0.0972229367096185
15747000,1996,-0.628718101895518,0.0442512824846845
15747000,1997,0.315783019943369,0.0607348521576366
15747000,1998,0.90385142573052,0.253893429974818
15747000,1999,-0.3800510008302,-0.159563981676992
15747000,2000,-1.47598952444063,0.0802038156142871
15747000,2001,1.20221459476484,-0.0116183174748181
15747000,2002,-0.529255791422393,-0.0754591335827072
15747000,2003,1.60168068218562,0.00466988353938269
15747000,2004,1.55027784514758,0.0719931683839402
15747000,2005,1.27225545653039,0.100356136078739
15747000,2006,-1.19487212490704,-0.0737865971375464
15747000,2007,1.2832473229203,-0.16876140708466
15747000,2008,-0.172072772102224,-0.261737732897099
15747000,2009,-0.665753885027435,0.0179251158635856
15747000,2010,0.993044690373871,-0.129824103536602
15747000,2011,0.892757392012411,-0.14497253801415
15747000,2012,-1.41006306202875,0.404798079222544
15747000,2013,-0.9067611037857,0.0401744183799665
15896000,1984,-1.71895845602784,-0.00724636062772738
15896000,1985,-1.46041702226632,-0.0743398175678319
15896000,1986,-0.622825770287049,-0.0741987606924441
15896000,1987,-1.50545786689553,-0.0582757275344597
15896000,1988,0.225425835740236,0.00138322731686963
15896000,1989,0.993692230474618,0.110380971824957
15896000,1990,-0.52371806771391,-0.0605350394215849
15896000,1991,-1.42229488860402,-0.00424862526771091
15896000,1992,-1.65923985710574,-0.047095374804404
15896000,1993,0.837095848015613,-0.0126256874245074
15896000,1994,0.628301688821781,0.0490557483293944
15896000,1995,-0.0495192097706916,0.040053656966322
15896000,1996,0.563892723412978,0.00796715110126472
15896000,1997,-0.225975204217765,0.0355259566774799
15896000,1998,1.90265589087374,-0.0178564491785235
15896000,1999,0.190767428568668,0.0811943970827593
15896000,2000,-1.32583404949142,-0.0343077406080232
15896000,2001,-0.0561069833321692,-0.0256276512311564
15896000,2002,-0.00716963282061833,0.0650623312892599
15896000,2003,1.13309320439067,0.0172170633657111
15896000,2004,-0.0255920774820773,0.0323018619687193
15896000,2005,0.225978107543456,-0.0687149436937438
15896000,2006,0.216614694686401,0.0291767474470867
15896000,2007,0.831648639134235,-0.157315681978232
15896000,2008,0.921852341584033,-0.0593084164998597
15896000,2009,0.243329595815805,0.0825228365345134
15896000,2010,1.24763058750994,-0.0178422866337415
15896000,2011,1.21946031976905,-0.00867778153883084
15896000,2012,-0.555242308684521,0.0628123143894805
15896000,2013,-0.223087741641534,0.113562080408964
15908000,1984,-1.54581494664566,0.00389316151591224
15908000,1985,-1.27342410669145,-0.0795073146647256
15908000,1986,-0.661491429164178,-0.0475963945371202
15908000,1987,-0.853971441628204,-0.0365407915346118
15908000,1988,1.03812357251429,0.0126488213556715
15908000,1989,0.385131284242703,0.0912344463609366
15908000,1990,-0.302228823656009,-0.0716183581260136
15908000,1991,-0.824540799214608,-0.0227979056718242
15908000,1992,-1.31034997637487,-0.0665421648752979
15908000,1993,0.648201928122177,0.0164950573946246
15908000,1994,-0.709804450824029,0.0208832694657354
15908000,1995,0.418777788326972,0.0738600506576606
15908000,1996,-0.211459343983895,0.0241616373079725
15908000,1997,0.206992004956637,0.0998600387764681
15908000,1998,1.52115818139994,-0.0576591210620891
15908000,1999,0.182957932001187,0.0364428664066104
15908000,2000,-1.21944918767032,-0.0189687899805399
15908000,2001,0.118755583609973,-0.0532598385147544
15908000,2002,-0.0497671468597307,0.100194584746431
15908000,2003,1.28804295723223,0.119565639813017
15908000,2004,0.557354728029006,0.00889522521497887
15908000,2005,0.809948617861504,-0.144484634963899
15908000,2006,-0.139111263408429,0.0321645207522023
15908000,2007,1.0038686838208,-0.222686869079351
15908000,2008,0.167445828165446,-0.0118280383628896
15908000,2009,-0.262800798171924,0.0990123958456227
15908000,2010,1.49794425283455,0.0255372268277117
15908000,2011,1.01947498783055,-0.0281996576296579
15908000,2012,-0.661024069144494,0.113470940397949
15908000,2013,-0.838940547510154,-0.0166300038367303
